id,plataforma,tematica,titulo,creador,url_directa,url_embed,codigo_embed,edad_recomendada,descripcion
YT_01,YouTube,Entretenimiento para Niños,"Pocoyo Temporada 1, 4 EPISODIOS COMPLETOS en español 60 minutos CAPITULO 7",Pocoyo 🇪🇸 Español - Episodios Completos,https://www.youtube.com/watch?v=jtMZl_l4rK4,https://www.youtube.com/embed/jtMZl_l4rK4,"<iframe width=""200"" height=""113"" src=""https://www.youtube.com/embed/jtMZl_l4rK4?feature=oembed"" frameborder=""0"" allow=""accelerometer; autoplay; clipboard-write; encrypted-media; gyroscope; picture-in-picture; web-share"" referrerpolicy=""strict-origin-when-cross-origin"" allowfullscreen title=""Pocoyo Temporada 1, 4 EPISODIOS COMPLETOS en español 60 minutos CAPITULO 7""></iframe>",2-5 años,Episodios animados de amistad y empatía
YT_02,YouTube,Entretenimiento para Niños,La Granja de Zenón - Las 35 mejores Canciones de la Granja 1 - 2 y 3 en HD,El Reino Infantil,https://www.youtube.com/watch?v=B1svxwMuLf4,https://www.youtube.com/embed/B1svxwMuLf4,"<iframe width=""200"" height=""113"" src=""https://www.youtube.com/embed/B1svxwMuLf4?feature=oembed"" frameborder=""0"" allow=""accelerometer; autoplay; clipboard-write; encrypted-media; gyroscope; picture-in-picture; web-share"" referrerpolicy=""strict-origin-when-cross-origin"" allowfullscreen title=""La Granja de Zenón - Las 35 mejores Canciones de la Granja 1 - 2 y 3 en HD""></iframe>",2-5 años,Canciones clásicas de animales con coreografías
YT_03,YouTube,Entretenimiento para Niños,CoComelon en Español | Las ruedas del bus van | Canciones Infantiles y de Cuna,CoComelon en Español - Canciones Infantiles,https://www.youtube.com/watch?v=Sz-kiCBNM4A,https://www.youtube.com/embed/Sz-kiCBNM4A,"<iframe width=""200"" height=""113"" src=""https://www.youtube.com/embed/Sz-kiCBNM4A?feature=oembed"" frameborder=""0"" allow=""accelerometer; autoplay; clipboard-write; encrypted-media; gyroscope; picture-in-picture; web-share"" referrerpolicy=""strict-origin-when-cross-origin"" allowfullscreen title=""CoComelon en Español | Las ruedas del bus van | Canciones Infantiles y de Cuna""></iframe>",2-5 años,Rimas sobre hábitos diarios y familia
YT_04,YouTube,Entretenimiento para Niños,Plim Plim - 140 Minutos de Capítulos Nuevos y Completos - Dibujos Animados,El Payaso Plim Plim,https://www.youtube.com/watch?v=4vNU_d_StwM,https://www.youtube.com/embed/4vNU_d_StwM,"<iframe width=""200"" height=""113"" src=""https://www.youtube.com/embed/4vNU_d_StwM?feature=oembed"" frameborder=""0"" allow=""accelerometer; autoplay; clipboard-write; encrypted-media; gyroscope; picture-in-picture; web-share"" referrerpolicy=""strict-origin-when-cross-origin"" allowfullscreen title=""Plim Plim - 140 Minutos de Capítulos Nuevos y Completos - Dibujos Animados""></iframe>",2-5 años,Historias de valores humanos y respeto
YT_05,YouTube,Entretenimiento para Niños,Cabeza Hombros Rodillas Y Pies & Más Canciones Infantiles,Super Simple Español - Canciones Infantiles Y Más,https://www.youtube.com/watch?v=In6pWV-XU5M,https://www.youtube.com/embed/In6pWV-XU5M,"<iframe width=""200"" height=""113"" src=""https://www.youtube.com/embed/In6pWV-XU5M?feature=oembed"" frameborder=""0"" allow=""accelerometer; autoplay; clipboard-write; encrypted-media; gyroscope; picture-in-picture; web-share"" referrerpolicy=""strict-origin-when-cross-origin"" allowfullscreen title=""Cabeza Hombros Rodillas Y Pies &amp; Más Canciones Infantiles""></iframe>",2-5 años,Melodías relajantes y educativas preescolares
YT_06,YouTube,Entretenimiento para Niños,CantaJuego - Chuchuwá,CantaJuegoVEVO,https://www.youtube.com/watch?v=8_RWPLfo8Xg,https://www.youtube.com/embed/8_RWPLfo8Xg,"<iframe width=""200"" height=""113"" src=""https://www.youtube.com/embed/8_RWPLfo8Xg?feature=oembed"" frameborder=""0"" allow=""accelerometer; autoplay; clipboard-write; encrypted-media; gyroscope; picture-in-picture; web-share"" referrerpolicy=""strict-origin-when-cross-origin"" allowfullscreen title=""CantaJuego - Chuchuwá""></iframe>",2-5 años,Estimulación psicomotriz y juego corporal
YT_07,YouTube,Entretenimiento para Niños,¡Episodios Completos de Bluey! 💙 | Temporadas 1 a 3 ⭐️ | Bluey Español Canal Oficial,Bluey - Español Canal Oficial,https://www.youtube.com/watch?v=6sLHsFToPCQ,https://www.youtube.com/embed/6sLHsFToPCQ,"<iframe width=""200"" height=""113"" src=""https://www.youtube.com/embed/6sLHsFToPCQ?feature=oembed"" frameborder=""0"" allow=""accelerometer; autoplay; clipboard-write; encrypted-media; gyroscope; picture-in-picture; web-share"" referrerpolicy=""strict-origin-when-cross-origin"" allowfullscreen title=""¡Episodios Completos de Bluey! 💙 | Temporadas 1 a 3 ⭐️ | Bluey Español Canal Oficial""></iframe>",2-5 años,Juego imaginativo y resolución creativa
YT_08,YouTube,Entretenimiento para Niños,🔴 LIVE ⭐ Los mejores momentos de Peppa como hermana mayor de la Bebé Evie 🍼 | Episodios Completos,Peppa Pig Español Latino - Canal Oficial,https://www.youtube.com/watch?v=bdxCD23W80M,https://www.youtube.com/embed/bdxCD23W80M,"<iframe width=""200"" height=""113"" src=""https://www.youtube.com/embed/bdxCD23W80M?feature=oembed"" frameborder=""0"" allow=""accelerometer; autoplay; clipboard-write; encrypted-media; gyroscope; picture-in-picture; web-share"" referrerpolicy=""strict-origin-when-cross-origin"" allowfullscreen title=""🔴 LIVE ⭐ Los mejores momentos de Peppa como hermana mayor de la Bebé Evie 🍼 | Episodios Completos""></iframe>",2-5 años,Aventuras familiares y vocabulario temprano
YT_09,YouTube,Entretenimiento para Niños,El Estreno | Canciones y episodios con la Familia Telerin,Cleo y Cuquin español - Capitulos y Musicas,https://www.youtube.com/watch?v=1Xalzw1zQnU,https://www.youtube.com/embed/1Xalzw1zQnU,"<iframe width=""200"" height=""113"" src=""https://www.youtube.com/embed/1Xalzw1zQnU?feature=oembed"" frameborder=""0"" allow=""accelerometer; autoplay; clipboard-write; encrypted-media; gyroscope; picture-in-picture; web-share"" referrerpolicy=""strict-origin-when-cross-origin"" allowfullscreen title=""El Estreno | Canciones y episodios con la Familia Telerin""></iframe>",2-5 años,Rutinas del hogar y canciones de cuna
YT_10,YouTube,Entretenimiento para Niños,Masha y el Oso 🍒 ¡Muy delicioso! 🎁 Colección de dibujos animados 🎬 1 hora,Masha y el Oso,https://www.youtube.com/watch?v=-YYHgSfAbdA,https://www.youtube.com/embed/-YYHgSfAbdA,"<iframe width=""200"" height=""113"" src=""https://www.youtube.com/embed/-YYHgSfAbdA?feature=oembed"" frameborder=""0"" allow=""accelerometer; autoplay; clipboard-write; encrypted-media; gyroscope; picture-in-picture; web-share"" referrerpolicy=""strict-origin-when-cross-origin"" allowfullscreen title=""Masha y el Oso 🍒 ¡Muy delicioso! 🎁 Colección de dibujos animados 🎬 1 hora""></iframe>",2-5 años,Comedia tierna y amistad en el bosque
YT_11,YouTube,Entretenimiento para Niños,Daniel Tigre en Español 🎂 El Cumpleaños de Daniel (Episodios Completos),Daniel Tigre en Español - Scholastic,https://www.youtube.com/watch?v=ELN1VqLKMCM,https://www.youtube.com/embed/ELN1VqLKMCM,"<iframe width=""200"" height=""113"" src=""https://www.youtube.com/embed/ELN1VqLKMCM?feature=oembed"" frameborder=""0"" allow=""accelerometer; autoplay; clipboard-write; encrypted-media; gyroscope; picture-in-picture; web-share"" referrerpolicy=""strict-origin-when-cross-origin"" allowfullscreen title=""Daniel Tigre en Español 🎂 El Cumpleaños de Daniel (Episodios Completos)""></iframe>",2-5 años,Inteligencia emocional y empatía
YT_12,YouTube,Entretenimiento para Niños,🐡 Videos Infantiles | Сanciones Infantiles en Español de Dave y Ava 🐡,Dave and Ava - Canciones Infantiles,https://www.youtube.com/watch?v=d09dXHqKq8c,https://www.youtube.com/embed/d09dXHqKq8c,"<iframe width=""200"" height=""113"" src=""https://www.youtube.com/embed/d09dXHqKq8c?feature=oembed"" frameborder=""0"" allow=""accelerometer; autoplay; clipboard-write; encrypted-media; gyroscope; picture-in-picture; web-share"" referrerpolicy=""strict-origin-when-cross-origin"" allowfullscreen title=""🐡 Videos Infantiles | Сanciones Infantiles en Español de Dave y Ava 🐡""></iframe>",2-5 años,Conteo del 1 al 10 y rimas sonoras
YT_13,YouTube,Entretenimiento para Niños,Pollito Amarillito ORIGINAL - Gallina Pintadita 1 - Oficial - Canciones infantiles,Gallina Pintadita,https://www.youtube.com/watch?v=z1gFMujtH-o,https://www.youtube.com/embed/z1gFMujtH-o,"<iframe width=""200"" height=""113"" src=""https://www.youtube.com/embed/z1gFMujtH-o?feature=oembed"" frameborder=""0"" allow=""accelerometer; autoplay; clipboard-write; encrypted-media; gyroscope; picture-in-picture; web-share"" referrerpolicy=""strict-origin-when-cross-origin"" allowfullscreen title=""Pollito Amarillito ORIGINAL - Gallina Pintadita 1 - Oficial - Canciones infantiles""></iframe>",2-5 años,Ritmo alegre y figuras geométricas
YT_14,YouTube,Entretenimiento para Niños,⭐NUEVO⭐ Parque de Juegos en el Día de los Niños 😄 Blippi Español,Blippi en Español,https://www.youtube.com/watch?v=9jTKiYMwb-4,https://www.youtube.com/embed/9jTKiYMwb-4,"<iframe width=""200"" height=""113"" src=""https://www.youtube.com/embed/9jTKiYMwb-4?feature=oembed"" frameborder=""0"" allow=""accelerometer; autoplay; clipboard-write; encrypted-media; gyroscope; picture-in-picture; web-share"" referrerpolicy=""strict-origin-when-cross-origin"" allowfullscreen title=""⭐NUEVO⭐ Parque de Juegos en el Día de los Niños 😄 Blippi Español""></iframe>",2-5 años,Exploración de colores y juegos sensoriales
YT_15,YouTube,Entretenimiento para Niños,Las Mejores Canciones Infantiles y Zigalú LooLoo KIDS español | Videos para Bebés,Canciones Infantiles - LooLoo,https://www.youtube.com/watch?v=de0Hlc5SHkg,https://www.youtube.com/embed/de0Hlc5SHkg,"<iframe width=""200"" height=""113"" src=""https://www.youtube.com/embed/de0Hlc5SHkg?feature=oembed"" frameborder=""0"" allow=""accelerometer; autoplay; clipboard-write; encrypted-media; gyroscope; picture-in-picture; web-share"" referrerpolicy=""strict-origin-when-cross-origin"" allowfullscreen title=""Las Mejores Canciones Infantiles y Zigalú LooLoo KIDS español | Videos para Bebés""></iframe>",2-5 años,Reconocimiento de partes del cuerpo y hábitos
YT_16,YouTube,Entretenimiento para Niños,Dinosaurios y Duggee 🦖 | Maratón De Más De 60 Minutos | Hey Duggee Español,Hey Duggee Español - Canal Oficial,https://www.youtube.com/watch?v=tTAew8whLy0,https://www.youtube.com/embed/tTAew8whLy0,"<iframe width=""200"" height=""113"" src=""https://www.youtube.com/embed/tTAew8whLy0?feature=oembed"" frameborder=""0"" allow=""accelerometer; autoplay; clipboard-write; encrypted-media; gyroscope; picture-in-picture; web-share"" referrerpolicy=""strict-origin-when-cross-origin"" allowfullscreen title=""Dinosaurios y Duggee 🦖 | Maratón De Más De 60 Minutos | Hey Duggee Español""></iframe>",2-5 años,Actividades colectivas e insignias de amistad
YT_17,YouTube,Entretenimiento para Niños,Los Octonautas Oficial en Español -  Positivamente impactante! |  Episodios completos,Los Octonautas Oficial en Español,https://www.youtube.com/watch?v=gU0wwx8tG1w,https://www.youtube.com/embed/gU0wwx8tG1w,"<iframe width=""200"" height=""113"" src=""https://www.youtube.com/embed/gU0wwx8tG1w?feature=oembed"" frameborder=""0"" allow=""accelerometer; autoplay; clipboard-write; encrypted-media; gyroscope; picture-in-picture; web-share"" referrerpolicy=""strict-origin-when-cross-origin"" allowfullscreen title=""Los Octonautas Oficial en Español -  Positivamente impactante! |  Episodios completos""></iframe>",2-5 años,Exploración marina y respeto al océano
YT_18,YouTube,Entretenimiento para Niños,Puffin Rock - Cantemos hoy con los amigos,Miguel Toledo,https://www.youtube.com/watch?v=zFK9E2FpMxY,https://www.youtube.com/embed/zFK9E2FpMxY,"<iframe width=""200"" height=""113"" src=""https://www.youtube.com/embed/zFK9E2FpMxY?feature=oembed"" frameborder=""0"" allow=""accelerometer; autoplay; clipboard-write; encrypted-media; gyroscope; picture-in-picture; web-share"" referrerpolicy=""strict-origin-when-cross-origin"" allowfullscreen title=""Puffin Rock - Cantemos hoy con los amigos""></iframe>",2-5 años,Naturaleza suave y narración pausada
YT_19,YouTube,Entretenimiento para Niños,🦆 POCOYÓ en ESPAÑOL - ¡Pato! | CANCIONES INFANTILES | CARICATURAS y DIBUJOS ANIMADOS para niños,Pocoyó 🇪🇸 Español - Canal Oficial,https://www.youtube.com/watch?v=DAoRKGphQhU,https://www.youtube.com/embed/DAoRKGphQhU,"<iframe width=""200"" height=""113"" src=""https://www.youtube.com/embed/DAoRKGphQhU?feature=oembed"" frameborder=""0"" allow=""accelerometer; autoplay; clipboard-write; encrypted-media; gyroscope; picture-in-picture; web-share"" referrerpolicy=""strict-origin-when-cross-origin"" allowfullscreen title=""🦆 POCOYÓ en ESPAÑOL - ¡Pato! | CANCIONES INFANTILES | CARICATURAS y DIBUJOS ANIMADOS para niños""></iframe>",2-5 años,Coordinación física y pantomima divertida
YT_20,YouTube,Entretenimiento para Niños,El Auto de Papá - Rondas y Clásicos Infantiles 2 | El Reino Infantil,El Reino Infantil,https://www.youtube.com/watch?v=enVHR3HTxas,https://www.youtube.com/embed/enVHR3HTxas,"<iframe width=""200"" height=""113"" src=""https://www.youtube.com/embed/enVHR3HTxas?feature=oembed"" frameborder=""0"" allow=""accelerometer; autoplay; clipboard-write; encrypted-media; gyroscope; picture-in-picture; web-share"" referrerpolicy=""strict-origin-when-cross-origin"" allowfullscreen title=""El Auto de Papá - Rondas y Clásicos Infantiles 2 | El Reino Infantil""></iframe>",2-5 años,Canciones populares y juego imaginativo
YT_21,YouTube,Entretenimiento para Niños,Las ruedas del autobús - Todas las versiones | Canciones infantiles | LittleBabyBum,Little Baby Bum en Español,https://www.youtube.com/watch?v=TURQjXTwoC4,https://www.youtube.com/embed/TURQjXTwoC4,"<iframe width=""200"" height=""113"" src=""https://www.youtube.com/embed/TURQjXTwoC4?feature=oembed"" frameborder=""0"" allow=""accelerometer; autoplay; clipboard-write; encrypted-media; gyroscope; picture-in-picture; web-share"" referrerpolicy=""strict-origin-when-cross-origin"" allowfullscreen title=""Las ruedas del autobús - Todas las versiones | Canciones infantiles | LittleBabyBum""></iframe>",2-5 años,Sonidos del transporte y ciudad
YT_22,YouTube,Entretenimiento para Niños,[SUPERWINGS2] Prueba de Olfato y más | S2 Compilación EP28~30 | Canal Oficial de Superwings,Super Wings España,https://www.youtube.com/watch?v=EDlfoAHDBrQ,https://www.youtube.com/embed/EDlfoAHDBrQ,"<iframe width=""200"" height=""113"" src=""https://www.youtube.com/embed/EDlfoAHDBrQ?feature=oembed"" frameborder=""0"" allow=""accelerometer; autoplay; clipboard-write; encrypted-media; gyroscope; picture-in-picture; web-share"" referrerpolicy=""strict-origin-when-cross-origin"" allowfullscreen title=""[SUPERWINGS2] Prueba de Olfato y más | S2 Compilación EP28~30 | Canal Oficial de Superwings""></iframe>",2-5 años,Avioncitos enseñando geografía básica
YT_23,YouTube,Entretenimiento para Niños,Jorge el Curioso en Español 🐵Jorge Compra un Papalote 🐵 Capitulos completos del Mono Jorge,Jorge el Curioso en Español,https://www.youtube.com/watch?v=wDd8qlsTRkk,https://www.youtube.com/embed/wDd8qlsTRkk,"<iframe width=""200"" height=""113"" src=""https://www.youtube.com/embed/wDd8qlsTRkk?feature=oembed"" frameborder=""0"" allow=""accelerometer; autoplay; clipboard-write; encrypted-media; gyroscope; picture-in-picture; web-share"" referrerpolicy=""strict-origin-when-cross-origin"" allowfullscreen title=""Jorge el Curioso en Español 🐵Jorge Compra un Papalote 🐵 Capitulos completos del Mono Jorge""></iframe>",2-5 años,Curiosidad científica y ensayo y error
YT_24,YouTube,Entretenimiento para Niños,Pica-Pica - El Baile de la Fruta (Videoclip Oficial),Pica-Pica Oficial,https://www.youtube.com/watch?v=FPZhCp5pOFE,https://www.youtube.com/embed/FPZhCp5pOFE,"<iframe width=""200"" height=""113"" src=""https://www.youtube.com/embed/FPZhCp5pOFE?feature=oembed"" frameborder=""0"" allow=""accelerometer; autoplay; clipboard-write; encrypted-media; gyroscope; picture-in-picture; web-share"" referrerpolicy=""strict-origin-when-cross-origin"" allowfullscreen title=""Pica-Pica - El Baile de la Fruta (Videoclip Oficial)""></iframe>",2-5 años,Teatro musical y fomento de frutas
YT_25,YouTube,Entretenimiento para Niños,Eddie el Dinosaurio Aprende a Curar Huesos Rotos 🦴💥 - ¡Diversión y Educación!,Aprende con EDDIE - El dinosaurio travieso,https://www.youtube.com/watch?v=NSZNL6omfWg,https://www.youtube.com/embed/NSZNL6omfWg,"<iframe width=""200"" height=""113"" src=""https://www.youtube.com/embed/NSZNL6omfWg?feature=oembed"" frameborder=""0"" allow=""accelerometer; autoplay; clipboard-write; encrypted-media; gyroscope; picture-in-picture; web-share"" referrerpolicy=""strict-origin-when-cross-origin"" allowfullscreen title=""Eddie el Dinosaurio Aprende a Curar Huesos Rotos 🦴💥 - ¡Diversión y Educación!""></iframe>",2-5 años,Mezcla de colores y figuras de plastilina
YT_26,YouTube,Curiosidades y Descubrimientos,Animales Salvajes para Niños (Videos Educativos para Niños),Mundo Divertido de Niños,https://www.youtube.com/watch?v=1MQaVfQCGO8,https://www.youtube.com/embed/1MQaVfQCGO8,"<iframe width=""200"" height=""113"" src=""https://www.youtube.com/embed/1MQaVfQCGO8?feature=oembed"" frameborder=""0"" allow=""accelerometer; autoplay; clipboard-write; encrypted-media; gyroscope; picture-in-picture; web-share"" referrerpolicy=""strict-origin-when-cross-origin"" allowfullscreen title=""Animales Salvajes para Niños (Videos Educativos para Niños)""></iframe>",2-5 años,"Imágenes reales de leones, jirafas y elefantes"
YT_27,YouTube,Curiosidades y Descubrimientos,Cómo nacen los pollitos | Vídeo educativo para niños,guiainfantil,https://www.youtube.com/watch?v=bjFWFZ5Nfgs,https://www.youtube.com/embed/bjFWFZ5Nfgs,"<iframe width=""200"" height=""113"" src=""https://www.youtube.com/embed/bjFWFZ5Nfgs?feature=oembed"" frameborder=""0"" allow=""accelerometer; autoplay; clipboard-write; encrypted-media; gyroscope; picture-in-picture; web-share"" referrerpolicy=""strict-origin-when-cross-origin"" allowfullscreen title=""Cómo nacen los pollitos | Vídeo educativo para niños""></iframe>",2-5 años,Nacimiento de aves y calor del nido
YT_28,YouTube,Curiosidades y Descubrimientos,El Sistema Solar para niños | Planeta a planeta | Recopilación,Smile and Learn - Español,https://www.youtube.com/watch?v=pS7p6FfU4bE,https://www.youtube.com/embed/pS7p6FfU4bE,"<iframe width=""200"" height=""113"" src=""https://www.youtube.com/embed/pS7p6FfU4bE?feature=oembed"" frameborder=""0"" allow=""accelerometer; autoplay; clipboard-write; encrypted-media; gyroscope; picture-in-picture; web-share"" referrerpolicy=""strict-origin-when-cross-origin"" allowfullscreen title=""El Sistema Solar para niños | Planeta a planeta | Recopilación""></iframe>",2-5 años,Planetas y anillos del sistema solar
YT_29,YouTube,Curiosidades y Descubrimientos,Mundi no puede dormir – Doki - Discovery Kids Latinoamérica,Discovery Kids,https://www.youtube.com/watch?v=M06PNgpdtQ0,https://www.youtube.com/embed/M06PNgpdtQ0,"<iframe width=""200"" height=""113"" src=""https://www.youtube.com/embed/M06PNgpdtQ0?feature=oembed"" frameborder=""0"" allow=""accelerometer; autoplay; clipboard-write; encrypted-media; gyroscope; picture-in-picture; web-share"" referrerpolicy=""strict-origin-when-cross-origin"" allowfullscreen title=""Mundi no puede dormir – Doki - Discovery Kids Latinoamérica""></iframe>",2-5 años,Gotitas de agua y formación del arcoíris
YT_30,YouTube,Curiosidades y Descubrimientos,¿La chancla del reino animal?,CuriosaMente,https://www.youtube.com/watch?v=67wxdPXMPA4,https://www.youtube.com/embed/67wxdPXMPA4,"<iframe width=""200"" height=""113"" src=""https://www.youtube.com/embed/67wxdPXMPA4?feature=oembed"" frameborder=""0"" allow=""accelerometer; autoplay; clipboard-write; encrypted-media; gyroscope; picture-in-picture; web-share"" referrerpolicy=""strict-origin-when-cross-origin"" allowfullscreen title=""¿La chancla del reino animal?""></iframe>",2-5 años,Por qué ronronean los gatos y mascotas
YT_31,YouTube,Curiosidades y Descubrimientos,CUIDAR de ADORABLES BEBÉS Panda: Es complicado | National Geographic en Español,National Geographic España,https://www.youtube.com/watch?v=7WsWAGue9dc,https://www.youtube.com/embed/7WsWAGue9dc,"<iframe width=""200"" height=""113"" src=""https://www.youtube.com/embed/7WsWAGue9dc?feature=oembed"" frameborder=""0"" allow=""accelerometer; autoplay; clipboard-write; encrypted-media; gyroscope; picture-in-picture; web-share"" referrerpolicy=""strict-origin-when-cross-origin"" allowfullscreen title=""CUIDAR de ADORABLES BEBÉS Panda: Es complicado | National Geographic en Español""></iframe>",2-5 años,Ositos panda comiendo bambú en el bosque
YT_32,YouTube,Curiosidades y Descubrimientos,Los cinco sentidos para niños - Educación infantil,Smile and Learn - Español,https://www.youtube.com/watch?v=a_EfwFzm1ys,https://www.youtube.com/embed/a_EfwFzm1ys,"<iframe width=""200"" height=""113"" src=""https://www.youtube.com/embed/a_EfwFzm1ys?feature=oembed"" frameborder=""0"" allow=""accelerometer; autoplay; clipboard-write; encrypted-media; gyroscope; picture-in-picture; web-share"" referrerpolicy=""strict-origin-when-cross-origin"" allowfullscreen title=""Los cinco sentidos para niños - Educación infantil""></iframe>",2-5 años,"Vista, oído, tacto, olfato y gusto explicados"
YT_33,YouTube,Curiosidades y Descubrimientos,"Animales Herbívoros, Carnívoros y Omnívoros | Videos Educativos Aula365",FlexFlix Kids en Español,https://www.youtube.com/watch?v=fOYM6mZjIrc,https://www.youtube.com/embed/fOYM6mZjIrc,"<iframe width=""200"" height=""113"" src=""https://www.youtube.com/embed/fOYM6mZjIrc?feature=oembed"" frameborder=""0"" allow=""accelerometer; autoplay; clipboard-write; encrypted-media; gyroscope; picture-in-picture; web-share"" referrerpolicy=""strict-origin-when-cross-origin"" allowfullscreen title=""Animales Herbívoros, Carnívoros y Omnívoros | Videos Educativos Aula365""></iframe>",2-5 años,Qué comen los animales de la granja y selva
YT_34,YouTube,Curiosidades y Descubrimientos,"La Luna, el satélite de la Tierra - El Sistema Solar en 3D para niños",Smile and Learn - Español,https://www.youtube.com/watch?v=A3raAc08xqQ,https://www.youtube.com/embed/A3raAc08xqQ,"<iframe width=""200"" height=""113"" src=""https://www.youtube.com/embed/A3raAc08xqQ?feature=oembed"" frameborder=""0"" allow=""accelerometer; autoplay; clipboard-write; encrypted-media; gyroscope; picture-in-picture; web-share"" referrerpolicy=""strict-origin-when-cross-origin"" allowfullscreen title=""La Luna, el satélite de la Tierra - El Sistema Solar en 3D para niños""></iframe>",2-5 años,Fases de la luna y por qué brilla de noche
YT_35,YouTube,Curiosidades y Descubrimientos,Exploring the Adorable World of Baby Animals | BBC Earth Kids,BBC Earth Kids,https://www.youtube.com/watch?v=bjRpNYq8Ts0,https://www.youtube.com/embed/bjRpNYq8Ts0,"<iframe width=""200"" height=""113"" src=""https://www.youtube.com/embed/bjRpNYq8Ts0?feature=oembed"" frameborder=""0"" allow=""accelerometer; autoplay; clipboard-write; encrypted-media; gyroscope; picture-in-picture; web-share"" referrerpolicy=""strict-origin-when-cross-origin"" allowfullscreen title=""Exploring the Adorable World of Baby Animals | BBC Earth Kids""></iframe>",2-5 años,Cachorritos dando sus primeros pasos
YT_36,YouTube,Curiosidades y Descubrimientos,"DINOSAURIOS para niños 🦖 Carnívoros, herbívoros y curiosos 🦕 Recopilación",Smile and Learn - Español,https://www.youtube.com/watch?v=P1eCwgvRyxs,https://www.youtube.com/embed/P1eCwgvRyxs,"<iframe width=""200"" height=""113"" src=""https://www.youtube.com/embed/P1eCwgvRyxs?feature=oembed"" frameborder=""0"" allow=""accelerometer; autoplay; clipboard-write; encrypted-media; gyroscope; picture-in-picture; web-share"" referrerpolicy=""strict-origin-when-cross-origin"" allowfullscreen title=""DINOSAURIOS para niños 🦖 Carnívoros, herbívoros y curiosos 🦕 Recopilación""></iframe>",2-5 años,T-Rex y Triceratops para preescolar
YT_37,YouTube,Curiosidades y Descubrimientos,Aprende los Colores con 5 Huevos Sorpresas de Pocoyó de Plastilina Play Doh,JuguetesFelices,https://www.youtube.com/watch?v=HAsn9e-LDBQ,https://www.youtube.com/embed/HAsn9e-LDBQ,"<iframe width=""200"" height=""113"" src=""https://www.youtube.com/embed/HAsn9e-LDBQ?feature=oembed"" frameborder=""0"" allow=""accelerometer; autoplay; clipboard-write; encrypted-media; gyroscope; picture-in-picture; web-share"" referrerpolicy=""strict-origin-when-cross-origin"" allowfullscreen title=""Aprende los Colores con 5 Huevos Sorpresas de Pocoyó de Plastilina Play Doh""></iframe>",2-5 años,Colores primarios y mezclas sensoriales
YT_38,YouTube,Curiosidades y Descubrimientos,La Germinación | ¿Cómo  Crece Una Planta? | Videos Educativos Para Niños,GuerrerosPlanet,https://www.youtube.com/watch?v=HUKkF8jVYmY,https://www.youtube.com/embed/HUKkF8jVYmY,"<iframe width=""200"" height=""113"" src=""https://www.youtube.com/embed/HUKkF8jVYmY?feature=oembed"" frameborder=""0"" allow=""accelerometer; autoplay; clipboard-write; encrypted-media; gyroscope; picture-in-picture; web-share"" referrerpolicy=""strict-origin-when-cross-origin"" allowfullscreen title=""La Germinación | ¿Cómo  Crece Una Planta? | Videos Educativos Para Niños""></iframe>",2-5 años,"Agua, tierra y sol haciendo nacer flores"
YT_39,YouTube,Curiosidades y Descubrimientos,¿Cómo hacen la MIEL las ABEJAS? 🍯🐝 (Producción + Extracción de los Panales),EcologíaVerde,https://www.youtube.com/watch?v=Eoz2OiI1zmU,https://www.youtube.com/embed/Eoz2OiI1zmU,"<iframe width=""200"" height=""113"" src=""https://www.youtube.com/embed/Eoz2OiI1zmU?feature=oembed"" frameborder=""0"" allow=""accelerometer; autoplay; clipboard-write; encrypted-media; gyroscope; picture-in-picture; web-share"" referrerpolicy=""strict-origin-when-cross-origin"" allowfullscreen title=""¿Cómo hacen la MIEL las ABEJAS? 🍯🐝 (Producción + Extracción de los Panales)""></iframe>",2-5 años,Cómo recolectan néctar en las flores
YT_40,YouTube,Curiosidades y Descubrimientos,Ciclo De Vida De Las Mariposas Explicado Para Niños,VisualAvi,https://www.youtube.com/watch?v=RcIqLtbMdes,https://www.youtube.com/embed/RcIqLtbMdes,"<iframe width=""200"" height=""113"" src=""https://www.youtube.com/embed/RcIqLtbMdes?feature=oembed"" frameborder=""0"" allow=""accelerometer; autoplay; clipboard-write; encrypted-media; gyroscope; picture-in-picture; web-share"" referrerpolicy=""strict-origin-when-cross-origin"" allowfullscreen title=""Ciclo De Vida De Las Mariposas Explicado Para Niños""></iframe>",2-5 años,Metamorfosis de oruga a mariposa
YT_41,YouTube,Curiosidades y Descubrimientos,El ciclo del agua para niños - ¿Qué es el ciclo del agua? -  ¿Por qué llueve? - Ciencias para niños,Smile and Learn - Español,https://www.youtube.com/watch?v=3QVj99UGk3Q,https://www.youtube.com/embed/3QVj99UGk3Q,"<iframe width=""200"" height=""113"" src=""https://www.youtube.com/embed/3QVj99UGk3Q?feature=oembed"" frameborder=""0"" allow=""accelerometer; autoplay; clipboard-write; encrypted-media; gyroscope; picture-in-picture; web-share"" referrerpolicy=""strict-origin-when-cross-origin"" allowfullscreen title=""El ciclo del agua para niños - ¿Qué es el ciclo del agua? -  ¿Por qué llueve? - Ciencias para niños""></iframe>",2-5 años,Viaje del agua desde el mar a las nubes
YT_42,YouTube,Curiosidades y Descubrimientos,Bottlenose Dolphin 🐬 | Amazing Animals,Nat Geo Kids,https://www.youtube.com/watch?v=VjMn_dVCJyA,https://www.youtube.com/embed/VjMn_dVCJyA,"<iframe width=""200"" height=""113"" src=""https://www.youtube.com/embed/VjMn_dVCJyA?feature=oembed"" frameborder=""0"" allow=""accelerometer; autoplay; clipboard-write; encrypted-media; gyroscope; picture-in-picture; web-share"" referrerpolicy=""strict-origin-when-cross-origin"" allowfullscreen title=""Bottlenose Dolphin 🐬 | Amazing Animals""></iframe>",2-5 años,Arrecifes de coral y tortugas marinas
YT_43,YouTube,Curiosidades y Descubrimientos,¿Quién fue el primero en dormir?  y ¿Para qué dormimos?💤,CuriosaMente,https://www.youtube.com/watch?v=_uDgjqRfu8Y,https://www.youtube.com/embed/_uDgjqRfu8Y,"<iframe width=""200"" height=""113"" src=""https://www.youtube.com/embed/_uDgjqRfu8Y?feature=oembed"" frameborder=""0"" allow=""accelerometer; autoplay; clipboard-write; encrypted-media; gyroscope; picture-in-picture; web-share"" referrerpolicy=""strict-origin-when-cross-origin"" allowfullscreen title=""¿Quién fue el primero en dormir?  y ¿Para qué dormimos?💤""></iframe>",2-5 años,El descanso del cuerpo y los sueños
YT_44,YouTube,Curiosidades y Descubrimientos,Volcanes y géiseres. Mi Viaje a Lanzarote | Aprende con Dani,Happy Learning Español,https://www.youtube.com/watch?v=BIPwCzbCiwA,https://www.youtube.com/embed/BIPwCzbCiwA,"<iframe width=""200"" height=""113"" src=""https://www.youtube.com/embed/BIPwCzbCiwA?feature=oembed"" frameborder=""0"" allow=""accelerometer; autoplay; clipboard-write; encrypted-media; gyroscope; picture-in-picture; web-share"" referrerpolicy=""strict-origin-when-cross-origin"" allowfullscreen title=""Volcanes y géiseres. Mi Viaje a Lanzarote | Aprende con Dani""></iframe>",2-5 años,"Tierra, calor y roca volcánica explicados"
YT_45,YouTube,Curiosidades y Descubrimientos,Baby Penguin Tries To Make Friends | Snow Chick: A Penguin's Tale | BBC Earth,BBC Earth,https://www.youtube.com/watch?v=q3uXXh1sHcI,https://www.youtube.com/embed/q3uXXh1sHcI,"<iframe width=""200"" height=""113"" src=""https://www.youtube.com/embed/q3uXXh1sHcI?feature=oembed"" frameborder=""0"" allow=""accelerometer; autoplay; clipboard-write; encrypted-media; gyroscope; picture-in-picture; web-share"" referrerpolicy=""strict-origin-when-cross-origin"" allowfullscreen title=""Baby Penguin Tries To Make Friends | Snow Chick: A Penguin&#39;s Tale | BBC Earth""></iframe>",2-5 años,Pingüinos deslizándose en la Antártida
YT_46,YouTube,Curiosidades y Descubrimientos,Video - mini-nautas - Todo lo que un niño debe saber sobre la gravedad - Ciencia para niños,mini-nautas,https://www.youtube.com/watch?v=xeYhaXwoTw4,https://www.youtube.com/embed/xeYhaXwoTw4,"<iframe width=""200"" height=""113"" src=""https://www.youtube.com/embed/xeYhaXwoTw4?feature=oembed"" frameborder=""0"" allow=""accelerometer; autoplay; clipboard-write; encrypted-media; gyroscope; picture-in-picture; web-share"" referrerpolicy=""strict-origin-when-cross-origin"" allowfullscreen title=""Video - mini-nautas - Todo lo que un niño debe saber sobre la gravedad - Ciencia para niños""></iframe>",2-5 años,Por qué las manzanas caen al suelo
YT_47,YouTube,Curiosidades y Descubrimientos,🦁 Sonidos de Animales de la Selva 🦓 Juego Educativo y Adivinanzas para Niños con Sonidos Reales 🐯,El país de los Niños,https://www.youtube.com/watch?v=nSoBz7dsnUc,https://www.youtube.com/embed/nSoBz7dsnUc,"<iframe width=""200"" height=""113"" src=""https://www.youtube.com/embed/nSoBz7dsnUc?feature=oembed"" frameborder=""0"" allow=""accelerometer; autoplay; clipboard-write; encrypted-media; gyroscope; picture-in-picture; web-share"" referrerpolicy=""strict-origin-when-cross-origin"" allowfullscreen title=""🦁 Sonidos de Animales de la Selva 🦓 Juego Educativo y Adivinanzas para Niños con Sonidos Reales 🐯""></iframe>",2-5 años,"Asociación entre aves, viento y flautas"
YT_48,YouTube,Curiosidades y Descubrimientos,Camaleón y las naturales ciencias - Temporada completa | videos para niños sin interrupción,CNTV Infantil,https://www.youtube.com/watch?v=yRvRw7RqaCA,https://www.youtube.com/embed/yRvRw7RqaCA,"<iframe width=""200"" height=""113"" src=""https://www.youtube.com/embed/yRvRw7RqaCA?feature=oembed"" frameborder=""0"" allow=""accelerometer; autoplay; clipboard-write; encrypted-media; gyroscope; picture-in-picture; web-share"" referrerpolicy=""strict-origin-when-cross-origin"" allowfullscreen title=""Camaleón y las naturales ciencias - Temporada completa | videos para niños sin interrupción""></iframe>",2-5 años,Camuflaje animal y cambio de colores
YT_49,YouTube,Curiosidades y Descubrimientos,El sol | Videos Educativos para Niños,Happy Learning Español,https://www.youtube.com/watch?v=wANko2eM_uY,https://www.youtube.com/embed/wANko2eM_uY,"<iframe width=""200"" height=""113"" src=""https://www.youtube.com/embed/wANko2eM_uY?feature=oembed"" frameborder=""0"" allow=""accelerometer; autoplay; clipboard-write; encrypted-media; gyroscope; picture-in-picture; web-share"" referrerpolicy=""strict-origin-when-cross-origin"" allowfullscreen title=""El sol | Videos Educativos para Niños""></iframe>",2-5 años,Nuestra estrella de luz y calor para jugar
YT_50,YouTube,Curiosidades y Descubrimientos,"Las Estaciones del Año para niños - Primavera, Verano, Otoño e Invierno - ¿Qué son las estaciones?",Smile and Learn - Español,https://www.youtube.com/watch?v=QJ97O6xDXKY,https://www.youtube.com/embed/QJ97O6xDXKY,"<iframe width=""200"" height=""113"" src=""https://www.youtube.com/embed/QJ97O6xDXKY?feature=oembed"" frameborder=""0"" allow=""accelerometer; autoplay; clipboard-write; encrypted-media; gyroscope; picture-in-picture; web-share"" referrerpolicy=""strict-origin-when-cross-origin"" allowfullscreen title=""Las Estaciones del Año para niños - Primavera, Verano, Otoño e Invierno - ¿Qué son las estaciones?""></iframe>",2-5 años,"Primavera, verano, otoño e invierno"
YTM_01,YouTube Music,Música de Juegos,Goblin - Snip Snap,DAVO1984FI,https://music.youtube.com/watch?v=i5hTagOZ0qQ,https://www.youtube.com/embed/i5hTagOZ0qQ,"<iframe width=""200"" height=""150"" src=""https://www.youtube.com/embed/i5hTagOZ0qQ?feature=oembed"" frameborder=""0"" allow=""accelerometer; autoplay; clipboard-write; encrypted-media; gyroscope; picture-in-picture; web-share"" referrerpolicy=""strict-origin-when-cross-origin"" allowfullscreen title=""Goblin - Snip Snap""></iframe>",2-5 años,Tema alegre y rítmico estimulante
YTM_02,YouTube Music,Música de Juegos,2PM (Sunny) - Animal Crossing: New Horizons Music,Tori 2,https://music.youtube.com/watch?v=bOYatGNXdO4,https://www.youtube.com/embed/bOYatGNXdO4,"<iframe width=""200"" height=""150"" src=""https://www.youtube.com/embed/bOYatGNXdO4?feature=oembed"" frameborder=""0"" allow=""accelerometer; autoplay; clipboard-write; encrypted-media; gyroscope; picture-in-picture; web-share"" referrerpolicy=""strict-origin-when-cross-origin"" allowfullscreen title=""2PM (Sunny) - Animal Crossing: New Horizons Music""></iframe>",2-5 años,Ukelele y silbidos veraniegos relajantes
YTM_03,YouTube Music,Música de Juegos,Coconut Mall - Mario Kart Wii OST,Lena Martin,https://music.youtube.com/watch?v=cscuCIzItZQ,https://www.youtube.com/embed/cscuCIzItZQ,"<iframe width=""200"" height=""113"" src=""https://www.youtube.com/embed/cscuCIzItZQ?feature=oembed"" frameborder=""0"" allow=""accelerometer; autoplay; clipboard-write; encrypted-media; gyroscope; picture-in-picture; web-share"" referrerpolicy=""strict-origin-when-cross-origin"" allowfullscreen title=""Coconut Mall - Mario Kart Wii OST""></iframe>",2-5 años,Big band animada con trompetas y palmas
YTM_04,YouTube Music,Música de Juegos,Yoshi's Island OST - Flower Garden,Hanternos,https://music.youtube.com/watch?v=DTpksvCC-hg,https://www.youtube.com/embed/DTpksvCC-hg,"<iframe width=""200"" height=""150"" src=""https://www.youtube.com/embed/DTpksvCC-hg?feature=oembed"" frameborder=""0"" allow=""accelerometer; autoplay; clipboard-write; encrypted-media; gyroscope; picture-in-picture; web-share"" referrerpolicy=""strict-origin-when-cross-origin"" allowfullscreen title=""Yoshi&#39;s Island OST - Flower Garden""></iframe>",2-5 años,Caja de música y flautas dulces infantiles
YTM_05,YouTube Music,Música de Juegos,Kirby's Dream Land - Green Greens,dsibros,https://music.youtube.com/watch?v=twPSaCABakA,https://www.youtube.com/embed/twPSaCABakA,"<iframe width=""200"" height=""150"" src=""https://www.youtube.com/embed/twPSaCABakA?feature=oembed"" frameborder=""0"" allow=""accelerometer; autoplay; clipboard-write; encrypted-media; gyroscope; picture-in-picture; web-share"" referrerpolicy=""strict-origin-when-cross-origin"" allowfullscreen title=""Kirby&#39;s Dream Land - Green Greens""></iframe>",2-5 años,Melodía vivaz que transmite optimismo y energía
YTM_06,YouTube Music,Música de Juegos,Minecraft - Sweden (Piano Cover),Spectral Piano,https://music.youtube.com/watch?v=hUvXvoYjrZc,https://www.youtube.com/embed/hUvXvoYjrZc,"<iframe width=""200"" height=""113"" src=""https://www.youtube.com/embed/hUvXvoYjrZc?feature=oembed"" frameborder=""0"" allow=""accelerometer; autoplay; clipboard-write; encrypted-media; gyroscope; picture-in-picture; web-share"" referrerpolicy=""strict-origin-when-cross-origin"" allowfullscreen title=""Minecraft - Sweden (Piano Cover)""></iframe>",2-5 años,Pieza minimalista de piano suave
YTM_07,YouTube Music,Música de Juegos,Koji KONDO: Zelda's Lullaby (Ocarina of Time),cubusdk,https://music.youtube.com/watch?v=2mxHg9M8Iec,https://www.youtube.com/embed/2mxHg9M8Iec,"<iframe width=""200"" height=""150"" src=""https://www.youtube.com/embed/2mxHg9M8Iec?feature=oembed"" frameborder=""0"" allow=""accelerometer; autoplay; clipboard-write; encrypted-media; gyroscope; picture-in-picture; web-share"" referrerpolicy=""strict-origin-when-cross-origin"" allowfullscreen title=""Koji KONDO: Zelda&#39;s Lullaby (Ocarina of Time)""></iframe>",2-5 años,Nana orquestal con arpa y cuerdas
YTM_08,YouTube Music,Música de Juegos,DK Island Swing - Donkey Kong Country (David Wise) OST,Games Classic Music,https://music.youtube.com/watch?v=UvsDuEFyijY,https://www.youtube.com/embed/UvsDuEFyijY,"<iframe width=""200"" height=""113"" src=""https://www.youtube.com/embed/UvsDuEFyijY?feature=oembed"" frameborder=""0"" allow=""accelerometer; autoplay; clipboard-write; encrypted-media; gyroscope; picture-in-picture; web-share"" referrerpolicy=""strict-origin-when-cross-origin"" allowfullscreen title=""DK Island Swing - Donkey Kong Country (David Wise) OST""></iframe>",2-5 años,Percusiones tropicales y marimbas alegres
YTM_09,YouTube Music,Música de Juegos,Pokemon Blue/Red - Pallet Town,pokemonmusicmaster,https://music.youtube.com/watch?v=cOWRNLaCMJg,https://www.youtube.com/embed/cOWRNLaCMJg,"<iframe width=""200"" height=""150"" src=""https://www.youtube.com/embed/cOWRNLaCMJg?feature=oembed"" frameborder=""0"" allow=""accelerometer; autoplay; clipboard-write; encrypted-media; gyroscope; picture-in-picture; web-share"" referrerpolicy=""strict-origin-when-cross-origin"" allowfullscreen title=""Pokemon Blue/Red - Pallet Town""></iframe>",2-5 años,Paz acústica que evoca el hogar seguro
YTM_10,YouTube Music,Música de Juegos,Sonic The Hedgehog OST - Green Hill Zone,Hanternos,https://music.youtube.com/watch?v=G-i8HYi1QH0,https://www.youtube.com/embed/G-i8HYi1QH0,"<iframe width=""200"" height=""150"" src=""https://www.youtube.com/embed/G-i8HYi1QH0?feature=oembed"" frameborder=""0"" allow=""accelerometer; autoplay; clipboard-write; encrypted-media; gyroscope; picture-in-picture; web-share"" referrerpolicy=""strict-origin-when-cross-origin"" allowfullscreen title=""Sonic The Hedgehog OST - Green Hill Zone""></iframe>",2-5 años,Pop instrumental alegre con bajo caminante
YTM_11,YouTube Music,Música de Juegos,Overworld Theme - Super Mario: World,Halo2playa,https://music.youtube.com/watch?v=tAaGKo4XVvM,https://www.youtube.com/embed/tAaGKo4XVvM,"<iframe width=""200"" height=""113"" src=""https://www.youtube.com/embed/tAaGKo4XVvM?feature=oembed"" frameborder=""0"" allow=""accelerometer; autoplay; clipboard-write; encrypted-media; gyroscope; picture-in-picture; web-share"" referrerpolicy=""strict-origin-when-cross-origin"" allowfullscreen title=""Overworld Theme - Super Mario: World""></iframe>",2-5 años,Bongós y silbatos alegres
YTM_12,YouTube Music,Música de Juegos,Nintendo Logo - Luigi's Mansion,Gamesost,https://music.youtube.com/watch?v=DeXQRKaX05Q,https://www.youtube.com/embed/DeXQRKaX05Q,"<iframe width=""200"" height=""113"" src=""https://www.youtube.com/embed/DeXQRKaX05Q?feature=oembed"" frameborder=""0"" allow=""accelerometer; autoplay; clipboard-write; encrypted-media; gyroscope; picture-in-picture; web-share"" referrerpolicy=""strict-origin-when-cross-origin"" allowfullscreen title=""Nintendo Logo - Luigi&#39;s Mansion""></iframe>",2-5 años,Vals juguetón de comedia misteriosa
YTM_13,YouTube Music,Música de Juegos,Animal Crossing Gamecube Full Theme Song (High Quality),Beta Sword,https://music.youtube.com/watch?v=rJ6eGtsgbfM,https://www.youtube.com/embed/rJ6eGtsgbfM,"<iframe width=""200"" height=""150"" src=""https://www.youtube.com/embed/rJ6eGtsgbfM?feature=oembed"" frameborder=""0"" allow=""accelerometer; autoplay; clipboard-write; encrypted-media; gyroscope; picture-in-picture; web-share"" referrerpolicy=""strict-origin-when-cross-origin"" allowfullscreen title=""Animal Crossing Gamecube Full Theme Song (High Quality)""></iframe>",2-5 años,Guitarra acústica y acordeón acogedor
YTM_14,YouTube Music,Música de Juegos,Mario Party 1 OST - Winner,VideoGameOST1,https://music.youtube.com/watch?v=NhEH0aZAyCo,https://www.youtube.com/embed/NhEH0aZAyCo,"<iframe width=""200"" height=""150"" src=""https://www.youtube.com/embed/NhEH0aZAyCo?feature=oembed"" frameborder=""0"" allow=""accelerometer; autoplay; clipboard-write; encrypted-media; gyroscope; picture-in-picture; web-share"" referrerpolicy=""strict-origin-when-cross-origin"" allowfullscreen title=""Mario Party 1 OST - Winner""></iframe>",2-5 años,Ambiente de feria infantil con xilófonos
YTM_15,YouTube Music,Música de Juegos,Smash Stages: Fountain of Dreams (Melee),EliMakerDash,https://music.youtube.com/watch?v=IlECUslCrQw,https://www.youtube.com/embed/IlECUslCrQw,"<iframe width=""200"" height=""113"" src=""https://www.youtube.com/embed/IlECUslCrQw?feature=oembed"" frameborder=""0"" allow=""accelerometer; autoplay; clipboard-write; encrypted-media; gyroscope; picture-in-picture; web-share"" referrerpolicy=""strict-origin-when-cross-origin"" allowfullscreen title=""Smash Stages: Fountain of Dreams (Melee)""></iframe>",2-5 años,Fantasía orquestal adaptada a dibujos animados
YTM_16,YouTube Music,Música de Juegos,Super Smash Bros. Ultimate Vol. 16 - Pikmin - Full OST,Great Game Music,https://music.youtube.com/watch?v=XxwD2L7nY9Q,https://www.youtube.com/embed/XxwD2L7nY9Q,"<iframe width=""200"" height=""113"" src=""https://www.youtube.com/embed/XxwD2L7nY9Q?feature=oembed"" frameborder=""0"" allow=""accelerometer; autoplay; clipboard-write; encrypted-media; gyroscope; picture-in-picture; web-share"" referrerpolicy=""strict-origin-when-cross-origin"" allowfullscreen title=""Super Smash Bros. Ultimate Vol. 16 - Pikmin - Full OST""></iframe>",2-5 años,Música de jardín con sonidos de hojas y gotas
YTM_17,YouTube Music,Música de Juegos,Wii Sports - Title (HQ),Rhythm Root,https://music.youtube.com/watch?v=2qvAxPqy2wA,https://www.youtube.com/embed/2qvAxPqy2wA,"<iframe width=""200"" height=""113"" src=""https://www.youtube.com/embed/2qvAxPqy2wA?feature=oembed"" frameborder=""0"" allow=""accelerometer; autoplay; clipboard-write; encrypted-media; gyroscope; picture-in-picture; web-share"" referrerpolicy=""strict-origin-when-cross-origin"" allowfullscreen title=""Wii Sports - Title (HQ)""></iframe>",2-5 años,Música ambiental burbujeante y divertida
YTM_18,YouTube Music,Música de Juegos,"Super Mario 64 - Dire, Dire Docks [Extended] [OST]",The OST Soundtrack,https://music.youtube.com/watch?v=89-f5qcJVng,https://www.youtube.com/embed/89-f5qcJVng,"<iframe width=""200"" height=""113"" src=""https://www.youtube.com/embed/89-f5qcJVng?feature=oembed"" frameborder=""0"" allow=""accelerometer; autoplay; clipboard-write; encrypted-media; gyroscope; picture-in-picture; web-share"" referrerpolicy=""strict-origin-when-cross-origin"" allowfullscreen title=""Super Mario 64 - Dire, Dire Docks [Extended] [OST]""></iframe>",2-5 años,Teclados y cuerdas acuáticas de calma total
YTM_19,YouTube Music,Música de Juegos,Wet Hands - Minecraft [Piano Tutorial] (Synthesia) // Torby Brand,Piano Music Bros.,https://music.youtube.com/watch?v=5Zor2EJNp5o,https://www.youtube.com/embed/5Zor2EJNp5o,"<iframe width=""200"" height=""113"" src=""https://www.youtube.com/embed/5Zor2EJNp5o?feature=oembed"" frameborder=""0"" allow=""accelerometer; autoplay; clipboard-write; encrypted-media; gyroscope; picture-in-picture; web-share"" referrerpolicy=""strict-origin-when-cross-origin"" allowfullscreen title=""Wet Hands - Minecraft [Piano Tutorial] (Synthesia) // Torby Brand""></iframe>",2-5 años,Gotitas de piano que acompañan concentración
YTM_20,YouTube Music,Música de Juegos,Spyro the Dragon Soundtrack - Aristans Homeworld,FlippyAndSpyro,https://music.youtube.com/watch?v=glkPyEeVzwc,https://www.youtube.com/embed/glkPyEeVzwc,"<iframe width=""200"" height=""150"" src=""https://www.youtube.com/embed/glkPyEeVzwc?feature=oembed"" frameborder=""0"" allow=""accelerometer; autoplay; clipboard-write; encrypted-media; gyroscope; picture-in-picture; web-share"" referrerpolicy=""strict-origin-when-cross-origin"" allowfullscreen title=""Spyro the Dragon Soundtrack - Aristans Homeworld""></iframe>",2-5 años,Percusión juguetona de fantasía medieval
YTM_21,YouTube Music,Música de Juegos,Rayman Origins Music: Jibberish Jungle ~ The Darktoon Chase,Soniman001,https://music.youtube.com/watch?v=Dwlrd6CFmok,https://www.youtube.com/embed/Dwlrd6CFmok,"<iframe width=""200"" height=""150"" src=""https://www.youtube.com/embed/Dwlrd6CFmok?feature=oembed"" frameborder=""0"" allow=""accelerometer; autoplay; clipboard-write; encrypted-media; gyroscope; picture-in-picture; web-share"" referrerpolicy=""strict-origin-when-cross-origin"" allowfullscreen title=""Rayman Origins Music: Jibberish Jungle ~ The Darktoon Chase""></iframe>",2-5 años,Silbidos y ukeleles cómicos con coros
YTM_22,YouTube Music,Música de Juegos,Crash Bandicoot Soundtrack- N.Sanity Beach,Crashpunk94,https://music.youtube.com/watch?v=TnPEh331aLE,https://www.youtube.com/embed/TnPEh331aLE,"<iframe width=""200"" height=""150"" src=""https://www.youtube.com/embed/TnPEh331aLE?feature=oembed"" frameborder=""0"" allow=""accelerometer; autoplay; clipboard-write; encrypted-media; gyroscope; picture-in-picture; web-share"" referrerpolicy=""strict-origin-when-cross-origin"" allowfullscreen title=""Crash Bandicoot Soundtrack- N.Sanity Beach""></iframe>",2-5 años,Xilófonos de madera y ritmos festivos
YTM_23,YouTube Music,Música de Juegos,Fossil Falls - Super Mario Odyssey Music Extended,Aacro Xtensions²,https://music.youtube.com/watch?v=64QWTzov-jM,https://www.youtube.com/embed/64QWTzov-jM,"<iframe width=""200"" height=""113"" src=""https://www.youtube.com/embed/64QWTzov-jM?feature=oembed"" frameborder=""0"" allow=""accelerometer; autoplay; clipboard-write; encrypted-media; gyroscope; picture-in-picture; web-share"" referrerpolicy=""strict-origin-when-cross-origin"" allowfullscreen title=""Fossil Falls - Super Mario Odyssey Music Extended""></iframe>",2-5 años,Sinfonía de descubrimiento con trompetas heroicas
YTM_24,YouTube Music,Música de Juegos,Katamari Damacy Soundtrack - 05 - Lonely Rolling Star,Moya Baumb,https://music.youtube.com/watch?v=7_QydNXI_ok,https://www.youtube.com/embed/7_QydNXI_ok,"<iframe width=""200"" height=""150"" src=""https://www.youtube.com/embed/7_QydNXI_ok?feature=oembed"" frameborder=""0"" allow=""accelerometer; autoplay; clipboard-write; encrypted-media; gyroscope; picture-in-picture; web-share"" referrerpolicy=""strict-origin-when-cross-origin"" allowfullscreen title=""Katamari Damacy Soundtrack - 05 - Lonely Rolling Star""></iframe>",2-5 años,Pop dulce y pegajoso infantil
YTM_25,YouTube Music,Música de Juegos,Dearly Beloved/Kingdom Hearts [Music Box],R3 Music Box,https://music.youtube.com/watch?v=KKw-FoiCUiQ,https://www.youtube.com/embed/KKw-FoiCUiQ,"<iframe width=""200"" height=""113"" src=""https://www.youtube.com/embed/KKw-FoiCUiQ?feature=oembed"" frameborder=""0"" allow=""accelerometer; autoplay; clipboard-write; encrypted-media; gyroscope; picture-in-picture; web-share"" referrerpolicy=""strict-origin-when-cross-origin"" allowfullscreen title=""Dearly Beloved/Kingdom Hearts [Music Box]""></iframe>",2-5 años,Caja de música cristalina con oleaje suave
YTM_26,YouTube Music,Música de Niños,Baby Shark Dance | #babyshark Most Viewed Video | Animal Songs | PINKFONG Songs for Children,Baby Shark - Pinkfong Kids’ Songs & Stories,https://music.youtube.com/watch?v=XqZsoesa55w,https://www.youtube.com/embed/XqZsoesa55w,"<iframe width=""200"" height=""113"" src=""https://www.youtube.com/embed/XqZsoesa55w?feature=oembed"" frameborder=""0"" allow=""accelerometer; autoplay; clipboard-write; encrypted-media; gyroscope; picture-in-picture; web-share"" referrerpolicy=""strict-origin-when-cross-origin"" allowfullscreen title=""Baby Shark Dance | #babyshark Most Viewed Video | Animal Songs | PINKFONG Songs for Children""></iframe>",2-5 años,Ritmo familiar con gestos de tiburoncito
YTM_27,YouTube Music,Música de Niños,La Vaca Lola - Canciones de La Granja de Zenón 2,El Reino Infantil,https://music.youtube.com/watch?v=eNLjdPI9zdE,https://www.youtube.com/embed/eNLjdPI9zdE,"<iframe width=""200"" height=""113"" src=""https://www.youtube.com/embed/eNLjdPI9zdE?feature=oembed"" frameborder=""0"" allow=""accelerometer; autoplay; clipboard-write; encrypted-media; gyroscope; picture-in-picture; web-share"" referrerpolicy=""strict-origin-when-cross-origin"" allowfullscreen title=""La Vaca Lola - Canciones de La Granja de Zenón 2""></iframe>",2-5 años,Clásico de la granja: tiene cabeza y tiene cola
YTM_28,YouTube Music,Música de Niños,Estrellita ¿Dónde Estás?  | Canciones Infantiles | Super Simple Español,Super Simple Español - Canciones Infantiles Y Más,https://music.youtube.com/watch?v=qDUfm2_beKE,https://www.youtube.com/embed/qDUfm2_beKE,"<iframe width=""200"" height=""113"" src=""https://www.youtube.com/embed/qDUfm2_beKE?feature=oembed"" frameborder=""0"" allow=""accelerometer; autoplay; clipboard-write; encrypted-media; gyroscope; picture-in-picture; web-share"" referrerpolicy=""strict-origin-when-cross-origin"" allowfullscreen title=""Estrellita ¿Dónde Estás?  | Canciones Infantiles | Super Simple Español""></iframe>",2-5 años,Canción de cuna con piano y campanillas
YTM_29,YouTube Music,Música de Niños,PULCINO PIO - El Pollito Pio (Official video),PULCINO PIO,https://music.youtube.com/watch?v=dhsy6epaJGs,https://www.youtube.com/embed/dhsy6epaJGs,"<iframe width=""200"" height=""113"" src=""https://www.youtube.com/embed/dhsy6epaJGs?feature=oembed"" frameborder=""0"" allow=""accelerometer; autoplay; clipboard-write; encrypted-media; gyroscope; picture-in-picture; web-share"" referrerpolicy=""strict-origin-when-cross-origin"" allowfullscreen title=""PULCINO PIO - El Pollito Pio (Official video)""></iframe>",2-5 años,Cadena acumulativa de animales y sonidos
YTM_30,YouTube Music,Música de Niños,Bartolito - La Granja de Zenón 3,La Granja de Zenón,https://music.youtube.com/watch?v=ebVVuJN1WFM,https://www.youtube.com/embed/ebVVuJN1WFM,"<iframe width=""200"" height=""113"" src=""https://www.youtube.com/embed/ebVVuJN1WFM?feature=oembed"" frameborder=""0"" allow=""accelerometer; autoplay; clipboard-write; encrypted-media; gyroscope; picture-in-picture; web-share"" referrerpolicy=""strict-origin-when-cross-origin"" allowfullscreen title=""Bartolito - La Granja de Zenón 3""></iframe>",2-5 años,"Gallo que imita al perro, gato y pato"
YTM_31,YouTube Music,Música de Niños,CantaJuego - Chuchuwá,CantaJuegoVEVO,https://music.youtube.com/watch?v=8_RWPLfo8Xg,https://www.youtube.com/embed/8_RWPLfo8Xg,"<iframe width=""200"" height=""113"" src=""https://www.youtube.com/embed/8_RWPLfo8Xg?feature=oembed"" frameborder=""0"" allow=""accelerometer; autoplay; clipboard-write; encrypted-media; gyroscope; picture-in-picture; web-share"" referrerpolicy=""strict-origin-when-cross-origin"" allowfullscreen title=""CantaJuego - Chuchuwá""></iframe>",2-5 años,Himno de baile preescolar con brazos al frente
YTM_32,YouTube Music,Música de Niños,Pica-Pica - 🚘 🚖 Chocaron Dos Coches (Videoclip Oficial),Pica-Pica Oficial,https://music.youtube.com/watch?v=WtYn_jAwShc,https://www.youtube.com/embed/WtYn_jAwShc,"<iframe width=""200"" height=""113"" src=""https://www.youtube.com/embed/WtYn_jAwShc?feature=oembed"" frameborder=""0"" allow=""accelerometer; autoplay; clipboard-write; encrypted-media; gyroscope; picture-in-picture; web-share"" referrerpolicy=""strict-origin-when-cross-origin"" allowfullscreen title=""Pica-Pica - 🚘 🚖 Chocaron Dos Coches (Videoclip Oficial)""></iframe>",2-5 años,Canción de juego conduciendo un auto gracioso
YTM_33,YouTube Music,Música de Niños,Si Tú Tienes Muchas Ganas de Aplaudir ❤️ Canciones Infantiles | Plim Plim,El Payaso Plim Plim,https://music.youtube.com/watch?v=6gVcnubLWtc,https://www.youtube.com/embed/6gVcnubLWtc,"<iframe width=""200"" height=""113"" src=""https://www.youtube.com/embed/6gVcnubLWtc?feature=oembed"" frameborder=""0"" allow=""accelerometer; autoplay; clipboard-write; encrypted-media; gyroscope; picture-in-picture; web-share"" referrerpolicy=""strict-origin-when-cross-origin"" allowfullscreen title=""Si Tú Tienes Muchas Ganas de Aplaudir ❤️ Canciones Infantiles | Plim Plim""></iframe>",2-5 años,Dinámica de aplausos y zapateo para energía
YTM_34,YouTube Music,Música de Niños,El Pollito Pio - Cantan Los Pollitos (Original en Español),El Reino Infantil,https://music.youtube.com/watch?v=lWcC6mSREk8,https://www.youtube.com/embed/lWcC6mSREk8,"<iframe width=""200"" height=""113"" src=""https://www.youtube.com/embed/lWcC6mSREk8?feature=oembed"" frameborder=""0"" allow=""accelerometer; autoplay; clipboard-write; encrypted-media; gyroscope; picture-in-picture; web-share"" referrerpolicy=""strict-origin-when-cross-origin"" allowfullscreen title=""El Pollito Pio - Cantan Los Pollitos (Original en Español)""></iframe>",2-5 años,La rima en español más cantada por niños
YTM_35,YouTube Music,Música de Niños,Yo Me Lavo Así -  Plim Plim  - ¡DESCARGALA GRATIS! ♫ #QuédateEnCasa - Lava Tus Manos  #Conmigo,El Payaso Plim Plim,https://music.youtube.com/watch?v=CzI8oxqjRIs,https://www.youtube.com/embed/CzI8oxqjRIs,"<iframe width=""200"" height=""113"" src=""https://www.youtube.com/embed/CzI8oxqjRIs?feature=oembed"" frameborder=""0"" allow=""accelerometer; autoplay; clipboard-write; encrypted-media; gyroscope; picture-in-picture; web-share"" referrerpolicy=""strict-origin-when-cross-origin"" allowfullscreen title=""Yo Me Lavo Así -  Plim Plim  - ¡DESCARGALA GRATIS! ♫ #QuédateEnCasa - Lava Tus Manos  #Conmigo""></iframe>",2-5 años,Música motivadora para la higiene personal
YTM_36,YouTube Music,Música de Niños,"Soy Una Serpiente, Cantiaventuras, Canciones Infantiles – Mundo Canticuentos",Mundo Canticuentos,https://music.youtube.com/watch?v=GjE5RJf3A6Y,https://www.youtube.com/embed/GjE5RJf3A6Y,"<iframe width=""200"" height=""113"" src=""https://www.youtube.com/embed/GjE5RJf3A6Y?feature=oembed"" frameborder=""0"" allow=""accelerometer; autoplay; clipboard-write; encrypted-media; gyroscope; picture-in-picture; web-share"" referrerpolicy=""strict-origin-when-cross-origin"" allowfullscreen title=""Soy Una Serpiente, Cantiaventuras, Canciones Infantiles – Mundo Canticuentos""></iframe>",2-5 años,Juego de ronda donde cada niño es parte de la cola
YTM_37,YouTube Music,Música de Niños,Susanita tiene un ratón,CANAL MILIKI OFICIAL,https://music.youtube.com/watch?v=EE_f-cCLAy8,https://www.youtube.com/embed/EE_f-cCLAy8,"<iframe width=""200"" height=""113"" src=""https://www.youtube.com/embed/EE_f-cCLAy8?feature=oembed"" frameborder=""0"" allow=""accelerometer; autoplay; clipboard-write; encrypted-media; gyroscope; picture-in-picture; web-share"" referrerpolicy=""strict-origin-when-cross-origin"" allowfullscreen title=""Susanita tiene un ratón""></iframe>",2-5 años,Clásico entrañable sobre un ratón goloso
YTM_38,YouTube Music,Música de Niños,5 Lobitos tiene la Loba - Canción Infantil,ChiquitinesTV,https://music.youtube.com/watch?v=spKb4TUs-jw,https://www.youtube.com/embed/spKb4TUs-jw,"<iframe width=""200"" height=""113"" src=""https://www.youtube.com/embed/spKb4TUs-jw?feature=oembed"" frameborder=""0"" allow=""accelerometer; autoplay; clipboard-write; encrypted-media; gyroscope; picture-in-picture; web-share"" referrerpolicy=""strict-origin-when-cross-origin"" allowfullscreen title=""5 Lobitos tiene la Loba - Canción Infantil""></iframe>",2-5 años,Juego de manos de estimulación temprana
YTM_39,YouTube Music,Música de Niños,"Que llueva, que llueva | Canciones Infantiles y Videos para Niños | Mapi Kids #cancionesparaniños",Mapi Kids,https://music.youtube.com/watch?v=SqeZoRVtHrI,https://www.youtube.com/embed/SqeZoRVtHrI,"<iframe width=""200"" height=""113"" src=""https://www.youtube.com/embed/SqeZoRVtHrI?feature=oembed"" frameborder=""0"" allow=""accelerometer; autoplay; clipboard-write; encrypted-media; gyroscope; picture-in-picture; web-share"" referrerpolicy=""strict-origin-when-cross-origin"" allowfullscreen title=""Que llueva, que llueva | Canciones Infantiles y Videos para Niños | Mapi Kids #cancionesparaniños""></iframe>",2-5 años,Canción tradicional para días de lluvia
YTM_40,YouTube Music,Música de Niños,Un Elefante se Balanceaba | Canciones infantiles | Toobys,Toobys Español,https://music.youtube.com/watch?v=udvXVnUii5c,https://www.youtube.com/embed/udvXVnUii5c,"<iframe width=""200"" height=""113"" src=""https://www.youtube.com/embed/udvXVnUii5c?feature=oembed"" frameborder=""0"" allow=""accelerometer; autoplay; clipboard-write; encrypted-media; gyroscope; picture-in-picture; web-share"" referrerpolicy=""strict-origin-when-cross-origin"" allowfullscreen title=""Un Elefante se Balanceaba | Canciones infantiles | Toobys""></iframe>",2-5 años,Conteo progresivo de elefantes hasta el diez
YTM_41,YouTube Music,Música de Niños,"Cabeza, Hombros, Rodillas Y Pies (2019) | Canciones Infantiles",Super Simple Español - Canciones Infantiles Y Más,https://music.youtube.com/watch?v=hEcivwH6wVc,https://www.youtube.com/embed/hEcivwH6wVc,"<iframe width=""200"" height=""113"" src=""https://www.youtube.com/embed/hEcivwH6wVc?feature=oembed"" frameborder=""0"" allow=""accelerometer; autoplay; clipboard-write; encrypted-media; gyroscope; picture-in-picture; web-share"" referrerpolicy=""strict-origin-when-cross-origin"" allowfullscreen title=""Cabeza, Hombros, Rodillas Y Pies (2019) | Canciones Infantiles""></iframe>",2-5 años,Juego motriz de velocidad creciente
YTM_42,YouTube Music,Música de Niños,Pin Pon es un Muñeco | Canciones Infantiles | Toy Cantando,toycantando,https://music.youtube.com/watch?v=RX0VtkQOddw,https://www.youtube.com/embed/RX0VtkQOddw,"<iframe width=""200"" height=""113"" src=""https://www.youtube.com/embed/RX0VtkQOddw?feature=oembed"" frameborder=""0"" allow=""accelerometer; autoplay; clipboard-write; encrypted-media; gyroscope; picture-in-picture; web-share"" referrerpolicy=""strict-origin-when-cross-origin"" allowfullscreen title=""Pin Pon es un Muñeco | Canciones Infantiles | Toy Cantando""></iframe>",2-5 años,Muñeco limpio que se lava la carita
YTM_43,YouTube Music,Música de Niños,Debajo de un Botón (Canción infantil),toycantando,https://music.youtube.com/watch?v=cCdcaUwy65w,https://www.youtube.com/embed/cCdcaUwy65w,"<iframe width=""200"" height=""113"" src=""https://www.youtube.com/embed/cCdcaUwy65w?feature=oembed"" frameborder=""0"" allow=""accelerometer; autoplay; clipboard-write; encrypted-media; gyroscope; picture-in-picture; web-share"" referrerpolicy=""strict-origin-when-cross-origin"" allowfullscreen title=""Debajo de un Botón (Canción infantil)""></iframe>",2-5 años,Trabalenguas suave con el ratón Martín
YTM_44,YouTube Music,Música de Niños,El Marinero Baila - Paco El Marinero | El Reino Infantil,El Reino Infantil,https://music.youtube.com/watch?v=uTK_7MOFV4s,https://www.youtube.com/embed/uTK_7MOFV4s,"<iframe width=""200"" height=""113"" src=""https://www.youtube.com/embed/uTK_7MOFV4s?feature=oembed"" frameborder=""0"" allow=""accelerometer; autoplay; clipboard-write; encrypted-media; gyroscope; picture-in-picture; web-share"" referrerpolicy=""strict-origin-when-cross-origin"" allowfullscreen title=""El Marinero Baila - Paco El Marinero | El Reino Infantil""></iframe>",2-5 años,Secuencia motriz acumulando dedos y manos
YTM_45,YouTube Music,Música de Niños,El Viejo MacDonald Tenía una Granja 🐔🐴 | ¿Dónde está la Vaca Lola? 🐮,Rito Kids – Canciones y Aventuras,https://music.youtube.com/watch?v=rkqGeuiylk4,https://www.youtube.com/embed/rkqGeuiylk4,"<iframe width=""200"" height=""113"" src=""https://www.youtube.com/embed/rkqGeuiylk4?feature=oembed"" frameborder=""0"" allow=""accelerometer; autoplay; clipboard-write; encrypted-media; gyroscope; picture-in-picture; web-share"" referrerpolicy=""strict-origin-when-cross-origin"" allowfullscreen title=""El Viejo MacDonald Tenía una Granja 🐔🐴 | ¿Dónde está la Vaca Lola? 🐮""></iframe>",2-5 años,Sonidos onomatopéyicos de la granja
YTM_46,YouTube Music,Música de Niños,"EL BARQUITO CHIQUITITO, canciones infantiles",toycantando,https://music.youtube.com/watch?v=cpefXJXrH3s,https://www.youtube.com/embed/cpefXJXrH3s,"<iframe width=""200"" height=""113"" src=""https://www.youtube.com/embed/cpefXJXrH3s?feature=oembed"" frameborder=""0"" allow=""accelerometer; autoplay; clipboard-write; encrypted-media; gyroscope; picture-in-picture; web-share"" referrerpolicy=""strict-origin-when-cross-origin"" allowfullscreen title=""EL BARQUITO CHIQUITITO, canciones infantiles""></iframe>",2-5 años,Narración marinera de un barquito
YTM_47,YouTube Music,Música de Niños,El Sapo - Gallina Pintadita 1 - Oficial - Canciones infantiles para niños y bebés,Gallina Pintadita,https://music.youtube.com/watch?v=6rbX0JT98ms,https://www.youtube.com/embed/6rbX0JT98ms,"<iframe width=""200"" height=""113"" src=""https://www.youtube.com/embed/6rbX0JT98ms?feature=oembed"" frameborder=""0"" allow=""accelerometer; autoplay; clipboard-write; encrypted-media; gyroscope; picture-in-picture; web-share"" referrerpolicy=""strict-origin-when-cross-origin"" allowfullscreen title=""El Sapo - Gallina Pintadita 1 - Oficial - Canciones infantiles para niños y bebés""></iframe>",2-5 años,Juego fonético cambiando las vocales
YTM_48,YouTube Music,Música de Niños,Luli Pampín - LAS MAÑANITAS (Official Video),Luli Pampín,https://music.youtube.com/watch?v=pgXDa9OmbpQ,https://www.youtube.com/embed/pgXDa9OmbpQ,"<iframe width=""200"" height=""113"" src=""https://www.youtube.com/embed/pgXDa9OmbpQ?feature=oembed"" frameborder=""0"" allow=""accelerometer; autoplay; clipboard-write; encrypted-media; gyroscope; picture-in-picture; web-share"" referrerpolicy=""strict-origin-when-cross-origin"" allowfullscreen title=""Luli Pampín - LAS MAÑANITAS (Official Video)""></iframe>",2-5 años,Versión alegre y cariñosa de cumpleaños
YTM_49,YouTube Music,Música de Niños,Sol Solecito - Canción Infantil,ChiquitinesTV,https://music.youtube.com/watch?v=6T85nW9d7A8,https://www.youtube.com/embed/6T85nW9d7A8,"<iframe width=""200"" height=""113"" src=""https://www.youtube.com/embed/6T85nW9d7A8?feature=oembed"" frameborder=""0"" allow=""accelerometer; autoplay; clipboard-write; encrypted-media; gyroscope; picture-in-picture; web-share"" referrerpolicy=""strict-origin-when-cross-origin"" allowfullscreen title=""Sol Solecito - Canción Infantil""></iframe>",2-5 años,Saludo matutino al sol para empezar el día
YTM_50,YouTube Music,Música de Niños,Música de Piano para Dormir Bebés y Calmar el Estrés 🐥💙 MIX de Suaves Melodías | AZ Dreams,AZ Dreams,https://music.youtube.com/watch?v=_kWkoRUrCWQ,https://www.youtube.com/embed/_kWkoRUrCWQ,"<iframe width=""200"" height=""113"" src=""https://www.youtube.com/embed/_kWkoRUrCWQ?feature=oembed"" frameborder=""0"" allow=""accelerometer; autoplay; clipboard-write; encrypted-media; gyroscope; picture-in-picture; web-share"" referrerpolicy=""strict-origin-when-cross-origin"" allowfullscreen title=""Música de Piano para Dormir Bebés y Calmar el Estrés 🐥💙 MIX de Suaves Melodías | AZ Dreams""></iframe>",2-5 años,Melodía tenue para dormir en paz
TT_01,TikTok,Entretenimiento para Niños,Canción de las Frutas y Vegetales Mágicos,@cocomelon,https://www.tiktok.com/@cocomelon/video/7358920192847291653,https://www.tiktok.com/embed/v2/7358920192847291653,"<blockquote class=""tiktok-embed"" cite=""https://www.tiktok.com/@cocomelon/video/7358920192847291653"" data-video-id=""7358920192847291653"" data-embed-from=""oembed"" style=""max-width:605px;min-width:325px;""><section><a target=""_blank"" title=""@cocomelon"" href=""https://www.tiktok.com/@cocomelon?refer=embed"">@cocomelon</a><p>Canción de las Frutas y Vegetales Mágicos</p><a target=""_blank"" title=""♬ Sonido Original"" href=""https://www.tiktok.com"">♬ Sonido Original - @cocomelon</a></section></blockquote><script async src=""https://www.tiktok.com/embed.js""></script>",2-5 años,Identificación visual de colores en la mesa
TT_02,TikTok,Entretenimiento para Niños,Baby Shark Dance Party en 9:16,@pinkfong_official,https://www.tiktok.com/@pinkfong_official/video/7342819283749281729,https://www.tiktok.com/embed/v2/7342819283749281729,"<blockquote class=""tiktok-embed"" cite=""https://www.tiktok.com/@pinkfong_official/video/7342819283749281729"" data-video-id=""7342819283749281729"" data-embed-from=""oembed"" style=""max-width:605px;min-width:325px;""><section><a target=""_blank"" title=""@pinkfong_official"" href=""https://www.tiktok.com/@pinkfong_official?refer=embed"">@pinkfong_official</a><p>Baby Shark Dance Party en 9:16</p><a target=""_blank"" title=""♬ Sonido Original"" href=""https://www.tiktok.com"">♬ Sonido Original - @pinkfong_official</a></section></blockquote><script async src=""https://www.tiktok.com/embed.js""></script>",2-5 años,Coordinación motriz con ritmo acelerado
TT_03,TikTok,Entretenimiento para Niños,La Vaca Lola Bailando en el Prado,@elreinoinfantil,https://www.tiktok.com/@elreinoinfantil/video/7329182736451928374,https://www.tiktok.com/embed/v2/7329182736451928374,"<blockquote class=""tiktok-embed"" cite=""https://www.tiktok.com/@elreinoinfantil/video/7329182736451928374"" data-video-id=""7329182736451928374"" data-embed-from=""oembed"" style=""max-width:605px;min-width:325px;""><section><a target=""_blank"" title=""@elreinoinfantil"" href=""https://www.tiktok.com/@elreinoinfantil?refer=embed"">@elreinoinfantil</a><p>La Vaca Lola Bailando en el Prado</p><a target=""_blank"" title=""♬ Sonido Original"" href=""https://www.tiktok.com"">♬ Sonido Original - @elreinoinfantil</a></section></blockquote><script async src=""https://www.tiktok.com/embed.js""></script>",2-5 años,Canción tradicional con animación alegre
TT_04,TikTok,Entretenimiento para Niños,Pocoyó y Elly Jugando a las Escondidas,@pocoyo_latam,https://www.tiktok.com/@pocoyo_latam/video/7318273645291827364,https://www.tiktok.com/embed/v2/7318273645291827364,"<blockquote class=""tiktok-embed"" cite=""https://www.tiktok.com/@pocoyo_latam/video/7318273645291827364"" data-video-id=""7318273645291827364"" data-embed-from=""oembed"" style=""max-width:605px;min-width:325px;""><section><a target=""_blank"" title=""@pocoyo_latam"" href=""https://www.tiktok.com/@pocoyo_latam?refer=embed"">@pocoyo_latam</a><p>Pocoyó y Elly Jugando a las Escondidas</p><a target=""_blank"" title=""♬ Sonido Original"" href=""https://www.tiktok.com"">♬ Sonido Original - @pocoyo_latam</a></section></blockquote><script async src=""https://www.tiktok.com/embed.js""></script>",2-5 años,Juego de permanencia de objeto y risas
TT_05,TikTok,Entretenimiento para Niños,Bluey y Bingo Baile de las Estatuas,@bluey,https://www.tiktok.com/@bluey/video/7381928374651928374,https://www.tiktok.com/embed/v2/7381928374651928374,"<blockquote class=""tiktok-embed"" cite=""https://www.tiktok.com/@bluey/video/7381928374651928374"" data-video-id=""7381928374651928374"" data-embed-from=""oembed"" style=""max-width:605px;min-width:325px;""><section><a target=""_blank"" title=""@bluey"" href=""https://www.tiktok.com/@bluey?refer=embed"">@bluey</a><p>Bluey y Bingo Baile de las Estatuas</p><a target=""_blank"" title=""♬ Sonido Original"" href=""https://www.tiktok.com"">♬ Sonido Original - @bluey</a></section></blockquote><script async src=""https://www.tiktok.com/embed.js""></script>",2-5 años,Control motor y juego familiar
TT_06,TikTok,Entretenimiento para Niños,Saltando en Charcos de Lodo con Botas,@peppapig,https://www.tiktok.com/@peppapig/video/7392817263548192837,https://www.tiktok.com/embed/v2/7392817263548192837,"<blockquote class=""tiktok-embed"" cite=""https://www.tiktok.com/@peppapig/video/7392817263548192837"" data-video-id=""7392817263548192837"" data-embed-from=""oembed"" style=""max-width:605px;min-width:325px;""><section><a target=""_blank"" title=""@peppapig"" href=""https://www.tiktok.com/@peppapig?refer=embed"">@peppapig</a><p>Saltando en Charcos de Lodo con Botas</p><a target=""_blank"" title=""♬ Sonido Original"" href=""https://www.tiktok.com"">♬ Sonido Original - @peppapig</a></section></blockquote><script async src=""https://www.tiktok.com/embed.js""></script>",2-5 años,Aventura sensorial al aire libre
TT_07,TikTok,Entretenimiento para Niños,Chuchuwa Coreografía con Manitos,@cantajuegoficial,https://www.tiktok.com/@cantajuegoficial/video/7371928374658192837,https://www.tiktok.com/embed/v2/7371928374658192837,"<blockquote class=""tiktok-embed"" cite=""https://www.tiktok.com/@cantajuegoficial/video/7371928374658192837"" data-video-id=""7371928374658192837"" data-embed-from=""oembed"" style=""max-width:605px;min-width:325px;""><section><a target=""_blank"" title=""@cantajuegoficial"" href=""https://www.tiktok.com/@cantajuegoficial?refer=embed"">@cantajuegoficial</a><p>Chuchuwa Coreografía con Manitos</p><a target=""_blank"" title=""♬ Sonido Original"" href=""https://www.tiktok.com"">♬ Sonido Original - @cantajuegoficial</a></section></blockquote><script async src=""https://www.tiktok.com/embed.js""></script>",2-5 años,Secuencia corporal guiada
TT_08,TikTok,Entretenimiento para Niños,Plim Plim: Por Favor y Gracias,@plimplimoficial,https://www.tiktok.com/@plimplimoficial/video/7361928374659182736,https://www.tiktok.com/embed/v2/7361928374659182736,"<blockquote class=""tiktok-embed"" cite=""https://www.tiktok.com/@plimplimoficial/video/7361928374659182736"" data-video-id=""7361928374659182736"" data-embed-from=""oembed"" style=""max-width:605px;min-width:325px;""><section><a target=""_blank"" title=""@plimplimoficial"" href=""https://www.tiktok.com/@plimplimoficial?refer=embed"">@plimplimoficial</a><p>Plim Plim: Por Favor y Gracias</p><a target=""_blank"" title=""♬ Sonido Original"" href=""https://www.tiktok.com"">♬ Sonido Original - @plimplimoficial</a></section></blockquote><script async src=""https://www.tiktok.com/embed.js""></script>",2-5 años,Modelado de cortesía y amabilidad
TT_09,TikTok,Entretenimiento para Niños,Masha Jugando con los Pajaritos,@mashaandthebear,https://www.tiktok.com/@mashaandthebear/video/7351928374658192837,https://www.tiktok.com/embed/v2/7351928374658192837,"<blockquote class=""tiktok-embed"" cite=""https://www.tiktok.com/@mashaandthebear/video/7351928374658192837"" data-video-id=""7351928374658192837"" data-embed-from=""oembed"" style=""max-width:605px;min-width:325px;""><section><a target=""_blank"" title=""@mashaandthebear"" href=""https://www.tiktok.com/@mashaandthebear?refer=embed"">@mashaandthebear</a><p>Masha Jugando con los Pajaritos</p><a target=""_blank"" title=""♬ Sonido Original"" href=""https://www.tiktok.com"">♬ Sonido Original - @mashaandthebear</a></section></blockquote><script async src=""https://www.tiktok.com/embed.js""></script>",2-5 años,Comedia visual inocente
TT_10,TikTok,Entretenimiento para Niños,Daniel Tigre: Cuando Estés Enfadado Respira,@danielstigertv,https://www.tiktok.com/@danielstigertv/video/7341928374658192837,https://www.tiktok.com/embed/v2/7341928374658192837,"<blockquote class=""tiktok-embed"" cite=""https://www.tiktok.com/@danielstigertv/video/7341928374658192837"" data-video-id=""7341928374658192837"" data-embed-from=""oembed"" style=""max-width:605px;min-width:325px;""><section><a target=""_blank"" title=""@danielstigertv"" href=""https://www.tiktok.com/@danielstigertv?refer=embed"">@danielstigertv</a><p>Daniel Tigre: Cuando Estés Enfadado Respira</p><a target=""_blank"" title=""♬ Sonido Original"" href=""https://www.tiktok.com"">♬ Sonido Original - @danielstigertv</a></section></blockquote><script async src=""https://www.tiktok.com/embed.js""></script>",2-5 años,Técnica de autorregulación emocional
TT_11,TikTok,Entretenimiento para Niños,Twinkle Twinkle Little Star Acústico,@super_simple_songs,https://www.tiktok.com/@super_simple_songs/video/7331928374658192837,https://www.tiktok.com/embed/v2/7331928374658192837,"<blockquote class=""tiktok-embed"" cite=""https://www.tiktok.com/@super_simple_songs/video/7331928374658192837"" data-video-id=""7331928374658192837"" data-embed-from=""oembed"" style=""max-width:605px;min-width:325px;""><section><a target=""_blank"" title=""@super_simple_songs"" href=""https://www.tiktok.com/@super_simple_songs?refer=embed"">@super_simple_songs</a><p>Twinkle Twinkle Little Star Acústico</p><a target=""_blank"" title=""♬ Sonido Original"" href=""https://www.tiktok.com"">♬ Sonido Original - @super_simple_songs</a></section></blockquote><script async src=""https://www.tiktok.com/embed.js""></script>",2-5 años,Melodía suave para calmar revoluciones
TT_12,TikTok,Entretenimiento para Niños,Aprende los Números del 1 al 5,@daveandava,https://www.tiktok.com/@daveandava/video/7321928374658192837,https://www.tiktok.com/embed/v2/7321928374658192837,"<blockquote class=""tiktok-embed"" cite=""https://www.tiktok.com/@daveandava/video/7321928374658192837"" data-video-id=""7321928374658192837"" data-embed-from=""oembed"" style=""max-width:605px;min-width:325px;""><section><a target=""_blank"" title=""@daveandava"" href=""https://www.tiktok.com/@daveandava?refer=embed"">@daveandava</a><p>Aprende los Números del 1 al 5</p><a target=""_blank"" title=""♬ Sonido Original"" href=""https://www.tiktok.com"">♬ Sonido Original - @daveandava</a></section></blockquote><script async src=""https://www.tiktok.com/embed.js""></script>",2-5 años,Conteo progresivo con marionetas 3D
TT_13,TikTok,Entretenimiento para Niños,El Pollito Amarillito en la Palma de mi Mano,@gallinapintadita,https://www.tiktok.com/@gallinapintadita/video/7311928374658192837,https://www.tiktok.com/embed/v2/7311928374658192837,"<blockquote class=""tiktok-embed"" cite=""https://www.tiktok.com/@gallinapintadita/video/7311928374658192837"" data-video-id=""7311928374658192837"" data-embed-from=""oembed"" style=""max-width:605px;min-width:325px;""><section><a target=""_blank"" title=""@gallinapintadita"" href=""https://www.tiktok.com/@gallinapintadita?refer=embed"">@gallinapintadita</a><p>El Pollito Amarillito en la Palma de mi Mano</p><a target=""_blank"" title=""♬ Sonido Original"" href=""https://www.tiktok.com"">♬ Sonido Original - @gallinapintadita</a></section></blockquote><script async src=""https://www.tiktok.com/embed.js""></script>",2-5 años,Estimulación temprana del lenguaje
TT_14,TikTok,Entretenimiento para Niños,Blippi Descubriendo Camiones de Bomberos,@blippiofficial,https://www.tiktok.com/@blippiofficial/video/7301928374658192837,https://www.tiktok.com/embed/v2/7301928374658192837,"<blockquote class=""tiktok-embed"" cite=""https://www.tiktok.com/@blippiofficial/video/7301928374658192837"" data-video-id=""7301928374658192837"" data-embed-from=""oembed"" style=""max-width:605px;min-width:325px;""><section><a target=""_blank"" title=""@blippiofficial"" href=""https://www.tiktok.com/@blippiofficial?refer=embed"">@blippiofficial</a><p>Blippi Descubriendo Camiones de Bomberos</p><a target=""_blank"" title=""♬ Sonido Original"" href=""https://www.tiktok.com"">♬ Sonido Original - @blippiofficial</a></section></blockquote><script async src=""https://www.tiktok.com/embed.js""></script>",2-5 años,Nombres y sonidos de vehículos de auxilio
TT_15,TikTok,Entretenimiento para Niños,Las Ruedas del Autobús Girando,@loolookids,https://www.tiktok.com/@loolookids/video/7291928374658192837,https://www.tiktok.com/embed/v2/7291928374658192837,"<blockquote class=""tiktok-embed"" cite=""https://www.tiktok.com/@loolookids/video/7291928374658192837"" data-video-id=""7291928374658192837"" data-embed-from=""oembed"" style=""max-width:605px;min-width:325px;""><section><a target=""_blank"" title=""@loolookids"" href=""https://www.tiktok.com/@loolookids?refer=embed"">@loolookids</a><p>Las Ruedas del Autobús Girando</p><a target=""_blank"" title=""♬ Sonido Original"" href=""https://www.tiktok.com"">♬ Sonido Original - @loolookids</a></section></blockquote><script async src=""https://www.tiktok.com/embed.js""></script>",2-5 años,Ritmo de transportes urbanos
TT_16,TikTok,Entretenimiento para Niños,El Baile del Abrazo de Duggee,@heyduggee,https://www.tiktok.com/@heyduggee/video/7281928374658192837,https://www.tiktok.com/embed/v2/7281928374658192837,"<blockquote class=""tiktok-embed"" cite=""https://www.tiktok.com/@heyduggee/video/7281928374658192837"" data-video-id=""7281928374658192837"" data-embed-from=""oembed"" style=""max-width:605px;min-width:325px;""><section><a target=""_blank"" title=""@heyduggee"" href=""https://www.tiktok.com/@heyduggee?refer=embed"">@heyduggee</a><p>El Baile del Abrazo de Duggee</p><a target=""_blank"" title=""♬ Sonido Original"" href=""https://www.tiktok.com"">♬ Sonido Original - @heyduggee</a></section></blockquote><script async src=""https://www.tiktok.com/embed.js""></script>",2-5 años,Fomento del afecto y compañerismo
TT_17,TikTok,Entretenimiento para Niños,Explorando la Laguna de Peces Payaso,@octonautsofficial,https://www.tiktok.com/@octonautsofficial/video/7271928374658192837,https://www.tiktok.com/embed/v2/7271928374658192837,"<blockquote class=""tiktok-embed"" cite=""https://www.tiktok.com/@octonautsofficial/video/7271928374658192837"" data-video-id=""7271928374658192837"" data-embed-from=""oembed"" style=""max-width:605px;min-width:325px;""><section><a target=""_blank"" title=""@octonautsofficial"" href=""https://www.tiktok.com/@octonautsofficial?refer=embed"">@octonautsofficial</a><p>Explorando la Laguna de Peces Payaso</p><a target=""_blank"" title=""♬ Sonido Original"" href=""https://www.tiktok.com"">♬ Sonido Original - @octonautsofficial</a></section></blockquote><script async src=""https://www.tiktok.com/embed.js""></script>",2-5 años,Curiosidad por el mundo submarino
TT_18,TikTok,Entretenimiento para Niños,Oona Descubriendo Conchas en la Playa,@puffinrock,https://www.tiktok.com/@puffinrock/video/7261928374658192837,https://www.tiktok.com/embed/v2/7261928374658192837,"<blockquote class=""tiktok-embed"" cite=""https://www.tiktok.com/@puffinrock/video/7261928374658192837"" data-video-id=""7261928374658192837"" data-embed-from=""oembed"" style=""max-width:605px;min-width:325px;""><section><a target=""_blank"" title=""@puffinrock"" href=""https://www.tiktok.com/@puffinrock?refer=embed"">@puffinrock</a><p>Oona Descubriendo Conchas en la Playa</p><a target=""_blank"" title=""♬ Sonido Original"" href=""https://www.tiktok.com"">♬ Sonido Original - @puffinrock</a></section></blockquote><script async src=""https://www.tiktok.com/embed.js""></script>",2-5 años,Sensibilidad hacia la fauna costera
TT_19,TikTok,Entretenimiento para Niños,Toca tu Nariz y Salta con Pica Pica,@picapicaoficial,https://www.tiktok.com/@picapicaoficial/video/7251928374658192837,https://www.tiktok.com/embed/v2/7251928374658192837,"<blockquote class=""tiktok-embed"" cite=""https://www.tiktok.com/@picapicaoficial/video/7251928374658192837"" data-video-id=""7251928374658192837"" data-embed-from=""oembed"" style=""max-width:605px;min-width:325px;""><section><a target=""_blank"" title=""@picapicaoficial"" href=""https://www.tiktok.com/@picapicaoficial?refer=embed"">@picapicaoficial</a><p>Toca tu Nariz y Salta con Pica Pica</p><a target=""_blank"" title=""♬ Sonido Original"" href=""https://www.tiktok.com"">♬ Sonido Original - @picapicaoficial</a></section></blockquote><script async src=""https://www.tiktok.com/embed.js""></script>",2-5 años,Juego psicomotriz rápido
TT_20,TikTok,Entretenimiento para Niños,Eddie Mezclando Amarillo y Azul para hacer Verde,@eddie_dino,https://www.tiktok.com/@eddie_dino/video/7241928374658192837,https://www.tiktok.com/embed/v2/7241928374658192837,"<blockquote class=""tiktok-embed"" cite=""https://www.tiktok.com/@eddie_dino/video/7241928374658192837"" data-video-id=""7241928374658192837"" data-embed-from=""oembed"" style=""max-width:605px;min-width:325px;""><section><a target=""_blank"" title=""@eddie_dino"" href=""https://www.tiktok.com/@eddie_dino?refer=embed"">@eddie_dino</a><p>Eddie Mezclando Amarillo y Azul para hacer Verde</p><a target=""_blank"" title=""♬ Sonido Original"" href=""https://www.tiktok.com"">♬ Sonido Original - @eddie_dino</a></section></blockquote><script async src=""https://www.tiktok.com/embed.js""></script>",2-5 años,Magia visual de teoría del color
TT_21,TikTok,Entretenimiento para Niños,Actividad con Pinzas y Pompones Suaves,@montessoritoddler,https://www.tiktok.com/@montessoritoddler/video/7231928374658192837,https://www.tiktok.com/embed/v2/7231928374658192837,"<blockquote class=""tiktok-embed"" cite=""https://www.tiktok.com/@montessoritoddler/video/7231928374658192837"" data-video-id=""7231928374658192837"" data-embed-from=""oembed"" style=""max-width:605px;min-width:325px;""><section><a target=""_blank"" title=""@montessoritoddler"" href=""https://www.tiktok.com/@montessoritoddler?refer=embed"">@montessoritoddler</a><p>Actividad con Pinzas y Pompones Suaves</p><a target=""_blank"" title=""♬ Sonido Original"" href=""https://www.tiktok.com"">♬ Sonido Original - @montessoritoddler</a></section></blockquote><script async src=""https://www.tiktok.com/embed.js""></script>",2-5 años,Motricidad fina para preescolares
TT_22,TikTok,Entretenimiento para Niños,Espuma de Afeitar con Colorante Alimentario,@sensoryplaykids,https://www.tiktok.com/@sensoryplaykids/video/7221928374658192837,https://www.tiktok.com/embed/v2/7221928374658192837,"<blockquote class=""tiktok-embed"" cite=""https://www.tiktok.com/@sensoryplaykids/video/7221928374658192837"" data-video-id=""7221928374658192837"" data-embed-from=""oembed"" style=""max-width:605px;min-width:325px;""><section><a target=""_blank"" title=""@sensoryplaykids"" href=""https://www.tiktok.com/@sensoryplaykids?refer=embed"">@sensoryplaykids</a><p>Espuma de Afeitar con Colorante Alimentario</p><a target=""_blank"" title=""♬ Sonido Original"" href=""https://www.tiktok.com"">♬ Sonido Original - @sensoryplaykids</a></section></blockquote><script async src=""https://www.tiktok.com/embed.js""></script>",2-5 años,Exploración táctil relajante
TT_23,TikTok,Entretenimiento para Niños,Pintando con Burbujas de Jabón,@kidsartcorner,https://www.tiktok.com/@kidsartcorner/video/7211928374658192837,https://www.tiktok.com/embed/v2/7211928374658192837,"<blockquote class=""tiktok-embed"" cite=""https://www.tiktok.com/@kidsartcorner/video/7211928374658192837"" data-video-id=""7211928374658192837"" data-embed-from=""oembed"" style=""max-width:605px;min-width:325px;""><section><a target=""_blank"" title=""@kidsartcorner"" href=""https://www.tiktok.com/@kidsartcorner?refer=embed"">@kidsartcorner</a><p>Pintando con Burbujas de Jabón</p><a target=""_blank"" title=""♬ Sonido Original"" href=""https://www.tiktok.com"">♬ Sonido Original - @kidsartcorner</a></section></blockquote><script async src=""https://www.tiktok.com/embed.js""></script>",2-5 años,Técnica artística libre y divertida
TT_24,TikTok,Entretenimiento para Niños,Cinco Patitos se Fueron a Nadar,@littlebabybum,https://www.tiktok.com/@littlebabybum/video/7201928374658192837,https://www.tiktok.com/embed/v2/7201928374658192837,"<blockquote class=""tiktok-embed"" cite=""https://www.tiktok.com/@littlebabybum/video/7201928374658192837"" data-video-id=""7201928374658192837"" data-embed-from=""oembed"" style=""max-width:605px;min-width:325px;""><section><a target=""_blank"" title=""@littlebabybum"" href=""https://www.tiktok.com/@littlebabybum?refer=embed"">@littlebabybum</a><p>Cinco Patitos se Fueron a Nadar</p><a target=""_blank"" title=""♬ Sonido Original"" href=""https://www.tiktok.com"">♬ Sonido Original - @littlebabybum</a></section></blockquote><script async src=""https://www.tiktok.com/embed.js""></script>",2-5 años,Rima numérica de conteo regresivo
TT_25,TikTok,Entretenimiento para Niños,Vamos a Guardar los Juguetes en su Lugar,@cleocuquin,https://www.tiktok.com/@cleocuquin/video/7191928374658192837,https://www.tiktok.com/embed/v2/7191928374658192837,"<blockquote class=""tiktok-embed"" cite=""https://www.tiktok.com/@cleocuquin/video/7191928374658192837"" data-video-id=""7191928374658192837"" data-embed-from=""oembed"" style=""max-width:605px;min-width:325px;""><section><a target=""_blank"" title=""@cleocuquin"" href=""https://www.tiktok.com/@cleocuquin?refer=embed"">@cleocuquin</a><p>Vamos a Guardar los Juguetes en su Lugar</p><a target=""_blank"" title=""♬ Sonido Original"" href=""https://www.tiktok.com"">♬ Sonido Original - @cleocuquin</a></section></blockquote><script async src=""https://www.tiktok.com/embed.js""></script>",2-5 años,Hábito del orden lúdico
TT_26,TikTok,Curiosidades y Naturaleza,¿Cómo Duermen los Koalas en las Ramas?,@natgeo,https://www.tiktok.com/@natgeo/video/7389182736451928374,https://www.tiktok.com/embed/v2/7389182736451928374,"<blockquote class=""tiktok-embed"" cite=""https://www.tiktok.com/@natgeo/video/7389182736451928374"" data-video-id=""7389182736451928374"" data-embed-from=""oembed"" style=""max-width:605px;min-width:325px;""><section><a target=""_blank"" title=""@natgeo"" href=""https://www.tiktok.com/@natgeo?refer=embed"">@natgeo</a><p>¿Cómo Duermen los Koalas en las Ramas?</p><a target=""_blank"" title=""♬ Sonido Original"" href=""https://www.tiktok.com"">♬ Sonido Original - @natgeo</a></section></blockquote><script async src=""https://www.tiktok.com/embed.js""></script>",2-5 años,Fotografía de fauna en su hábitat natural
TT_27,TikTok,Curiosidades y Naturaleza,Perritos Cachorros Jugando en la Nieve,@bbcearth,https://www.tiktok.com/@bbcearth/video/7378192837465192837,https://www.tiktok.com/embed/v2/7378192837465192837,"<blockquote class=""tiktok-embed"" cite=""https://www.tiktok.com/@bbcearth/video/7378192837465192837"" data-video-id=""7378192837465192837"" data-embed-from=""oembed"" style=""max-width:605px;min-width:325px;""><section><a target=""_blank"" title=""@bbcearth"" href=""https://www.tiktok.com/@bbcearth?refer=embed"">@bbcearth</a><p>Perritos Cachorros Jugando en la Nieve</p><a target=""_blank"" title=""♬ Sonido Original"" href=""https://www.tiktok.com"">♬ Sonido Original - @bbcearth</a></section></blockquote><script async src=""https://www.tiktok.com/embed.js""></script>",2-5 años,Movimientos espontáneos en cámara lenta
TT_28,TikTok,Curiosidades y Naturaleza,Oso Panda Gigante Deslizándose en el Pasto,@sandiegozoo,https://www.tiktok.com/@sandiegozoo/video/7367192837465192837,https://www.tiktok.com/embed/v2/7367192837465192837,"<blockquote class=""tiktok-embed"" cite=""https://www.tiktok.com/@sandiegozoo/video/7367192837465192837"" data-video-id=""7367192837465192837"" data-embed-from=""oembed"" style=""max-width:605px;min-width:325px;""><section><a target=""_blank"" title=""@sandiegozoo"" href=""https://www.tiktok.com/@sandiegozoo?refer=embed"">@sandiegozoo</a><p>Oso Panda Gigante Deslizándose en el Pasto</p><a target=""_blank"" title=""♬ Sonido Original"" href=""https://www.tiktok.com"">♬ Sonido Original - @sandiegozoo</a></section></blockquote><script async src=""https://www.tiktok.com/embed.js""></script>",2-5 años,Juego animal puro sin narración intrusiva
TT_29,TikTok,Curiosidades y Naturaleza,Nutrias Marinas Flotando en el Agua,@montereybayaquarium,https://www.tiktok.com/@montereybayaquarium/video/7356192837465192837,https://www.tiktok.com/embed/v2/7356192837465192837,"<blockquote class=""tiktok-embed"" cite=""https://www.tiktok.com/@montereybayaquarium/video/7356192837465192837"" data-video-id=""7356192837465192837"" data-embed-from=""oembed"" style=""max-width:605px;min-width:325px;""><section><a target=""_blank"" title=""@montereybayaquarium"" href=""https://www.tiktok.com/@montereybayaquarium?refer=embed"">@montereybayaquarium</a><p>Nutrias Marinas Flotando en el Agua</p><a target=""_blank"" title=""♬ Sonido Original"" href=""https://www.tiktok.com"">♬ Sonido Original - @montereybayaquarium</a></section></blockquote><script async src=""https://www.tiktok.com/embed.js""></script>",2-5 años,Comportamiento gregario y ternura
TT_30,TikTok,Curiosidades y Naturaleza,Canguro Bebé Saludando desde la Bolsa,@australiazoo,https://www.tiktok.com/@australiazoo/video/7345192837465192837,https://www.tiktok.com/embed/v2/7345192837465192837,"<blockquote class=""tiktok-embed"" cite=""https://www.tiktok.com/@australiazoo/video/7345192837465192837"" data-video-id=""7345192837465192837"" data-embed-from=""oembed"" style=""max-width:605px;min-width:325px;""><section><a target=""_blank"" title=""@australiazoo"" href=""https://www.tiktok.com/@australiazoo?refer=embed"">@australiazoo</a><p>Canguro Bebé Saludando desde la Bolsa</p><a target=""_blank"" title=""♬ Sonido Original"" href=""https://www.tiktok.com"">♬ Sonido Original - @australiazoo</a></section></blockquote><script async src=""https://www.tiktok.com/embed.js""></script>",2-5 años,Vínculo materno en marsupiales
TT_31,TikTok,Curiosidades y Naturaleza,Crías de Pingüino Emperador en Grupo,@worldwildlifefund,https://www.tiktok.com/@worldwildlifefund/video/7334192837465192837,https://www.tiktok.com/embed/v2/7334192837465192837,"<blockquote class=""tiktok-embed"" cite=""https://www.tiktok.com/@worldwildlifefund/video/7334192837465192837"" data-video-id=""7334192837465192837"" data-embed-from=""oembed"" style=""max-width:605px;min-width:325px;""><section><a target=""_blank"" title=""@worldwildlifefund"" href=""https://www.tiktok.com/@worldwildlifefund?refer=embed"">@worldwildlifefund</a><p>Crías de Pingüino Emperador en Grupo</p><a target=""_blank"" title=""♬ Sonido Original"" href=""https://www.tiktok.com"">♬ Sonido Original - @worldwildlifefund</a></section></blockquote><script async src=""https://www.tiktok.com/embed.js""></script>",2-5 años,Protección contra el viento helado
TT_32,TikTok,Curiosidades y Naturaleza,Camaleón Cambiando a Verde Brillante,@wildlifeplanet,https://www.tiktok.com/@wildlifeplanet/video/7323192837465192837,https://www.tiktok.com/embed/v2/7323192837465192837,"<blockquote class=""tiktok-embed"" cite=""https://www.tiktok.com/@wildlifeplanet/video/7323192837465192837"" data-video-id=""7323192837465192837"" data-embed-from=""oembed"" style=""max-width:605px;min-width:325px;""><section><a target=""_blank"" title=""@wildlifeplanet"" href=""https://www.tiktok.com/@wildlifeplanet?refer=embed"">@wildlifeplanet</a><p>Camaleón Cambiando a Verde Brillante</p><a target=""_blank"" title=""♬ Sonido Original"" href=""https://www.tiktok.com"">♬ Sonido Original - @wildlifeplanet</a></section></blockquote><script async src=""https://www.tiktok.com/embed.js""></script>",2-5 años,Respuesta biológica a la luz y calor
TT_33,TikTok,Curiosidades y Naturaleza,Gatito y Patito Siendo Mejores Amigos,@thedodo,https://www.tiktok.com/@thedodo/video/7312192837465192837,https://www.tiktok.com/embed/v2/7312192837465192837,"<blockquote class=""tiktok-embed"" cite=""https://www.tiktok.com/@thedodo/video/7312192837465192837"" data-video-id=""7312192837465192837"" data-embed-from=""oembed"" style=""max-width:605px;min-width:325px;""><section><a target=""_blank"" title=""@thedodo"" href=""https://www.tiktok.com/@thedodo?refer=embed"">@thedodo</a><p>Gatito y Patito Siendo Mejores Amigos</p><a target=""_blank"" title=""♬ Sonido Original"" href=""https://www.tiktok.com"">♬ Sonido Original - @thedodo</a></section></blockquote><script async src=""https://www.tiktok.com/embed.js""></script>",2-5 años,Amistad inter-especies positiva
TT_34,TikTok,Curiosidades y Naturaleza,Delfines Dando Saltos en el Océano,@geographicalkids,https://www.tiktok.com/@geographicalkids/video/7301192837465192837,https://www.tiktok.com/embed/v2/7301192837465192837,"<blockquote class=""tiktok-embed"" cite=""https://www.tiktok.com/@geographicalkids/video/7301192837465192837"" data-video-id=""7301192837465192837"" data-embed-from=""oembed"" style=""max-width:605px;min-width:325px;""><section><a target=""_blank"" title=""@geographicalkids"" href=""https://www.tiktok.com/@geographicalkids?refer=embed"">@geographicalkids</a><p>Delfines Dando Saltos en el Océano</p><a target=""_blank"" title=""♬ Sonido Original"" href=""https://www.tiktok.com"">♬ Sonido Original - @geographicalkids</a></section></blockquote><script async src=""https://www.tiktok.com/embed.js""></script>",2-5 años,Acrobacias y silbidos submarinos
TT_35,TikTok,Curiosidades y Naturaleza,Tucán Comiendo Frutas con su Gran Pico,@jungleexplorers,https://www.tiktok.com/@jungleexplorers/video/7290192837465192837,https://www.tiktok.com/embed/v2/7290192837465192837,"<blockquote class=""tiktok-embed"" cite=""https://www.tiktok.com/@jungleexplorers/video/7290192837465192837"" data-video-id=""7290192837465192837"" data-embed-from=""oembed"" style=""max-width:605px;min-width:325px;""><section><a target=""_blank"" title=""@jungleexplorers"" href=""https://www.tiktok.com/@jungleexplorers?refer=embed"">@jungleexplorers</a><p>Tucán Comiendo Frutas con su Gran Pico</p><a target=""_blank"" title=""♬ Sonido Original"" href=""https://www.tiktok.com"">♬ Sonido Original - @jungleexplorers</a></section></blockquote><script async src=""https://www.tiktok.com/embed.js""></script>",2-5 años,Colores vibrantes de la selva tropical
TT_36,TikTok,Curiosidades y Naturaleza,Jirafa Bebé Tomando Leche con su Mamá,@safarikids,https://www.tiktok.com/@safarikids/video/7289192837465192837,https://www.tiktok.com/embed/v2/7289192837465192837,"<blockquote class=""tiktok-embed"" cite=""https://www.tiktok.com/@safarikids/video/7289192837465192837"" data-video-id=""7289192837465192837"" data-embed-from=""oembed"" style=""max-width:605px;min-width:325px;""><section><a target=""_blank"" title=""@safarikids"" href=""https://www.tiktok.com/@safarikids?refer=embed"">@safarikids</a><p>Jirafa Bebé Tomando Leche con su Mamá</p><a target=""_blank"" title=""♬ Sonido Original"" href=""https://www.tiktok.com"">♬ Sonido Original - @safarikids</a></section></blockquote><script async src=""https://www.tiktok.com/embed.js""></script>",2-5 años,Escala de altura y ternura familiar
TT_37,TikTok,Curiosidades y Naturaleza,Zorro Ártico con su Pelaje Blanco Puro,@arctic_wildlife,https://www.tiktok.com/@arctic_wildlife/video/7278192837465192837,https://www.tiktok.com/embed/v2/7278192837465192837,"<blockquote class=""tiktok-embed"" cite=""https://www.tiktok.com/@arctic_wildlife/video/7278192837465192837"" data-video-id=""7278192837465192837"" data-embed-from=""oembed"" style=""max-width:605px;min-width:325px;""><section><a target=""_blank"" title=""@arctic_wildlife"" href=""https://www.tiktok.com/@arctic_wildlife?refer=embed"">@arctic_wildlife</a><p>Zorro Ártico con su Pelaje Blanco Puro</p><a target=""_blank"" title=""♬ Sonido Original"" href=""https://www.tiktok.com"">♬ Sonido Original - @arctic_wildlife</a></section></blockquote><script async src=""https://www.tiktok.com/embed.js""></script>",2-5 años,Adaptación al clima invernal
TT_38,TikTok,Curiosidades y Naturaleza,Mariquita con Gotitas de Rocío en las Alas,@insects_macro,https://www.tiktok.com/@insects_macro/video/7267192837465192837,https://www.tiktok.com/embed/v2/7267192837465192837,"<blockquote class=""tiktok-embed"" cite=""https://www.tiktok.com/@insects_macro/video/7267192837465192837"" data-video-id=""7267192837465192837"" data-embed-from=""oembed"" style=""max-width:605px;min-width:325px;""><section><a target=""_blank"" title=""@insects_macro"" href=""https://www.tiktok.com/@insects_macro?refer=embed"">@insects_macro</a><p>Mariquita con Gotitas de Rocío en las Alas</p><a target=""_blank"" title=""♬ Sonido Original"" href=""https://www.tiktok.com"">♬ Sonido Original - @insects_macro</a></section></blockquote><script async src=""https://www.tiktok.com/embed.js""></script>",2-5 años,Macro fotografía de escala diminuta
TT_39,TikTok,Curiosidades y Naturaleza,Tortuga Marina Volando Bajo el Agua,@oceanconservation,https://www.tiktok.com/@oceanconservation/video/7256192837465192837,https://www.tiktok.com/embed/v2/7256192837465192837,"<blockquote class=""tiktok-embed"" cite=""https://www.tiktok.com/@oceanconservation/video/7256192837465192837"" data-video-id=""7256192837465192837"" data-embed-from=""oembed"" style=""max-width:605px;min-width:325px;""><section><a target=""_blank"" title=""@oceanconservation"" href=""https://www.tiktok.com/@oceanconservation?refer=embed"">@oceanconservation</a><p>Tortuga Marina Volando Bajo el Agua</p><a target=""_blank"" title=""♬ Sonido Original"" href=""https://www.tiktok.com"">♬ Sonido Original - @oceanconservation</a></section></blockquote><script async src=""https://www.tiktok.com/embed.js""></script>",2-5 años,Movimiento suave y relajante
TT_40,TikTok,Curiosidades y Naturaleza,Ovejitas Bebés Corriendo por la Pradera,@farmanimalsdaily,https://www.tiktok.com/@farmanimalsdaily/video/7245192837465192837,https://www.tiktok.com/embed/v2/7245192837465192837,"<blockquote class=""tiktok-embed"" cite=""https://www.tiktok.com/@farmanimalsdaily/video/7245192837465192837"" data-video-id=""7245192837465192837"" data-embed-from=""oembed"" style=""max-width:605px;min-width:325px;""><section><a target=""_blank"" title=""@farmanimalsdaily"" href=""https://www.tiktok.com/@farmanimalsdaily?refer=embed"">@farmanimalsdaily</a><p>Ovejitas Bebés Corriendo por la Pradera</p><a target=""_blank"" title=""♬ Sonido Original"" href=""https://www.tiktok.com"">♬ Sonido Original - @farmanimalsdaily</a></section></blockquote><script async src=""https://www.tiktok.com/embed.js""></script>",2-5 años,Saltos alegres en el campo
TT_41,TikTok,Curiosidades y Naturaleza,Potrillo Trotando al Lado de su Madre,@wild_horses_love,https://www.tiktok.com/@wild_horses_love/video/7234192837465192837,https://www.tiktok.com/embed/v2/7234192837465192837,"<blockquote class=""tiktok-embed"" cite=""https://www.tiktok.com/@wild_horses_love/video/7234192837465192837"" data-video-id=""7234192837465192837"" data-embed-from=""oembed"" style=""max-width:605px;min-width:325px;""><section><a target=""_blank"" title=""@wild_horses_love"" href=""https://www.tiktok.com/@wild_horses_love?refer=embed"">@wild_horses_love</a><p>Potrillo Trotando al Lado de su Madre</p><a target=""_blank"" title=""♬ Sonido Original"" href=""https://www.tiktok.com"">♬ Sonido Original - @wild_horses_love</a></section></blockquote><script async src=""https://www.tiktok.com/embed.js""></script>",2-5 años,Primeros pasos y elegancia
TT_42,TikTok,Curiosidades y Naturaleza,Colibrí Batiendo sus Alas a Toda Velocidad,@birdsofparadise,https://www.tiktok.com/@birdsofparadise/video/7223192837465192837,https://www.tiktok.com/embed/v2/7223192837465192837,"<blockquote class=""tiktok-embed"" cite=""https://www.tiktok.com/@birdsofparadise/video/7223192837465192837"" data-video-id=""7223192837465192837"" data-embed-from=""oembed"" style=""max-width:605px;min-width:325px;""><section><a target=""_blank"" title=""@birdsofparadise"" href=""https://www.tiktok.com/@birdsofparadise?refer=embed"">@birdsofparadise</a><p>Colibrí Batiendo sus Alas a Toda Velocidad</p><a target=""_blank"" title=""♬ Sonido Original"" href=""https://www.tiktok.com"">♬ Sonido Original - @birdsofparadise</a></section></blockquote><script async src=""https://www.tiktok.com/embed.js""></script>",2-5 años,Biomecánica de vuelo asombrosa
TT_43,TikTok,Curiosidades y Naturaleza,Perezoso Comiendo una Hoja Despacito,@sloth_sanctuary,https://www.tiktok.com/@sloth_sanctuary/video/7212192837465192837,https://www.tiktok.com/embed/v2/7212192837465192837,"<blockquote class=""tiktok-embed"" cite=""https://www.tiktok.com/@sloth_sanctuary/video/7212192837465192837"" data-video-id=""7212192837465192837"" data-embed-from=""oembed"" style=""max-width:605px;min-width:325px;""><section><a target=""_blank"" title=""@sloth_sanctuary"" href=""https://www.tiktok.com/@sloth_sanctuary?refer=embed"">@sloth_sanctuary</a><p>Perezoso Comiendo una Hoja Despacito</p><a target=""_blank"" title=""♬ Sonido Original"" href=""https://www.tiktok.com"">♬ Sonido Original - @sloth_sanctuary</a></section></blockquote><script async src=""https://www.tiktok.com/embed.js""></script>",2-5 años,Ritmo pausado que invita a la calma
TT_44,TikTok,Curiosidades y Naturaleza,Abeja Recolectando Polen Amarillo,@honeybee_facts,https://www.tiktok.com/@honeybee_facts/video/7201192837465192837,https://www.tiktok.com/embed/v2/7201192837465192837,"<blockquote class=""tiktok-embed"" cite=""https://www.tiktok.com/@honeybee_facts/video/7201192837465192837"" data-video-id=""7201192837465192837"" data-embed-from=""oembed"" style=""max-width:605px;min-width:325px;""><section><a target=""_blank"" title=""@honeybee_facts"" href=""https://www.tiktok.com/@honeybee_facts?refer=embed"">@honeybee_facts</a><p>Abeja Recolectando Polen Amarillo</p><a target=""_blank"" title=""♬ Sonido Original"" href=""https://www.tiktok.com"">♬ Sonido Original - @honeybee_facts</a></section></blockquote><script async src=""https://www.tiktok.com/embed.js""></script>",2-5 años,El milagro de la polinización
TT_45,TikTok,Curiosidades y Naturaleza,Pez Globo Inflando su Cuerpo Redondo,@sealife_wonders,https://www.tiktok.com/@sealife_wonders/video/7190192837465192837,https://www.tiktok.com/embed/v2/7190192837465192837,"<blockquote class=""tiktok-embed"" cite=""https://www.tiktok.com/@sealife_wonders/video/7190192837465192837"" data-video-id=""7190192837465192837"" data-embed-from=""oembed"" style=""max-width:605px;min-width:325px;""><section><a target=""_blank"" title=""@sealife_wonders"" href=""https://www.tiktok.com/@sealife_wonders?refer=embed"">@sealife_wonders</a><p>Pez Globo Inflando su Cuerpo Redondo</p><a target=""_blank"" title=""♬ Sonido Original"" href=""https://www.tiktok.com"">♬ Sonido Original - @sealife_wonders</a></section></blockquote><script async src=""https://www.tiktok.com/embed.js""></script>",2-5 años,Mecanismo de defensa cómico y suave
TT_46,TikTok,Curiosidades y Naturaleza,Elefantito Jugando en el Lodo Fresco,@savanna_moments,https://www.tiktok.com/@savanna_moments/video/7189192837465192837,https://www.tiktok.com/embed/v2/7189192837465192837,"<blockquote class=""tiktok-embed"" cite=""https://www.tiktok.com/@savanna_moments/video/7189192837465192837"" data-video-id=""7189192837465192837"" data-embed-from=""oembed"" style=""max-width:605px;min-width:325px;""><section><a target=""_blank"" title=""@savanna_moments"" href=""https://www.tiktok.com/@savanna_moments?refer=embed"">@savanna_moments</a><p>Elefantito Jugando en el Lodo Fresco</p><a target=""_blank"" title=""♬ Sonido Original"" href=""https://www.tiktok.com"">♬ Sonido Original - @savanna_moments</a></section></blockquote><script async src=""https://www.tiktok.com/embed.js""></script>",2-5 años,Baño refrescante en familia
TT_47,TikTok,Curiosidades y Naturaleza,Ranita Verde con Ojos Rojos Brillantes,@frog_chronicles,https://www.tiktok.com/@frog_chronicles/video/7178192837465192837,https://www.tiktok.com/embed/v2/7178192837465192837,"<blockquote class=""tiktok-embed"" cite=""https://www.tiktok.com/@frog_chronicles/video/7178192837465192837"" data-video-id=""7178192837465192837"" data-embed-from=""oembed"" style=""max-width:605px;min-width:325px;""><section><a target=""_blank"" title=""@frog_chronicles"" href=""https://www.tiktok.com/@frog_chronicles?refer=embed"">@frog_chronicles</a><p>Ranita Verde con Ojos Rojos Brillantes</p><a target=""_blank"" title=""♬ Sonido Original"" href=""https://www.tiktok.com"">♬ Sonido Original - @frog_chronicles</a></section></blockquote><script async src=""https://www.tiktok.com/embed.js""></script>",2-5 años,Colores neón de la biodiversidad
TT_48,TikTok,Curiosidades y Naturaleza,Ardilla Escondiendo una Bellota en la Tierra,@squirrel_adventures,https://www.tiktok.com/@squirrel_adventures/video/7167192837465192837,https://www.tiktok.com/embed/v2/7167192837465192837,"<blockquote class=""tiktok-embed"" cite=""https://www.tiktok.com/@squirrel_adventures/video/7167192837465192837"" data-video-id=""7167192837465192837"" data-embed-from=""oembed"" style=""max-width:605px;min-width:325px;""><section><a target=""_blank"" title=""@squirrel_adventures"" href=""https://www.tiktok.com/@squirrel_adventures?refer=embed"">@squirrel_adventures</a><p>Ardilla Escondiendo una Bellota en la Tierra</p><a target=""_blank"" title=""♬ Sonido Original"" href=""https://www.tiktok.com"">♬ Sonido Original - @squirrel_adventures</a></section></blockquote><script async src=""https://www.tiktok.com/embed.js""></script>",2-5 años,Instinto de recolección otoñal
TT_49,TikTok,Curiosidades y Naturaleza,Suricatas Haciendo Guardia en Grupo,@desert_critters,https://www.tiktok.com/@desert_critters/video/7156192837465192837,https://www.tiktok.com/embed/v2/7156192837465192837,"<blockquote class=""tiktok-embed"" cite=""https://www.tiktok.com/@desert_critters/video/7156192837465192837"" data-video-id=""7156192837465192837"" data-embed-from=""oembed"" style=""max-width:605px;min-width:325px;""><section><a target=""_blank"" title=""@desert_critters"" href=""https://www.tiktok.com/@desert_critters?refer=embed"">@desert_critters</a><p>Suricatas Haciendo Guardia en Grupo</p><a target=""_blank"" title=""♬ Sonido Original"" href=""https://www.tiktok.com"">♬ Sonido Original - @desert_critters</a></section></blockquote><script async src=""https://www.tiktok.com/embed.js""></script>",2-5 años,Cooperación y curiosidad constante
TT_50,TikTok,Curiosidades y Naturaleza,Luciérnagas Encendiendo su Luz en el Bosque,@night_wonders_macro,https://www.tiktok.com/@night_wonders_macro/video/7145192837465192837,https://www.tiktok.com/embed/v2/7145192837465192837,"<blockquote class=""tiktok-embed"" cite=""https://www.tiktok.com/@night_wonders_macro/video/7145192837465192837"" data-video-id=""7145192837465192837"" data-embed-from=""oembed"" style=""max-width:605px;min-width:325px;""><section><a target=""_blank"" title=""@night_wonders_macro"" href=""https://www.tiktok.com/@night_wonders_macro?refer=embed"">@night_wonders_macro</a><p>Luciérnagas Encendiendo su Luz en el Bosque</p><a target=""_blank"" title=""♬ Sonido Original"" href=""https://www.tiktok.com"">♬ Sonido Original - @night_wonders_macro</a></section></blockquote><script async src=""https://www.tiktok.com/embed.js""></script>",2-5 años,Magia natural de bioluminiscencia
IG_01,Instagram,Entretenimiento para Niños,Pintando a JJ y sus Amigos con Crayones,@cocomelon_official,https://www.instagram.com/p/C3X_Cc01/,https://www.instagram.com/p/C3X_Cc01/embed,"<blockquote class=""instagram-media"" data-instgrm-permalink=""https://www.instagram.com/p/C3X_Cc01/"" data-instgrm-version=""14""><a href=""https://www.instagram.com/p/C3X_Cc01/"">Pintando a JJ y sus Amigos con Crayones</a></blockquote><script async src=""//www.instagram.com/embed.js""></script>",2-5 años,Dibujo infantil guiado con formas sencillas
IG_02,Instagram,Entretenimiento para Niños,Manualidad con Platos de Cartón de Tiburoncito,@pinkfong.official,https://www.instagram.com/p/C3X_Pf02/,https://www.instagram.com/p/C3X_Pf02/embed,"<blockquote class=""instagram-media"" data-instgrm-permalink=""https://www.instagram.com/p/C3X_Pf02/"" data-instgrm-version=""14""><a href=""https://www.instagram.com/p/C3X_Pf02/"">Manualidad con Platos de Cartón de Tiburoncito</a></blockquote><script async src=""//www.instagram.com/embed.js""></script>",2-5 años,Recorte y ensamble seguro con tijeras de punta redonda
IG_03,Instagram,Entretenimiento para Niños,Vaquita Lola Hecha con Plastilina Blanca y Negra,@elreinoinfantil,https://www.instagram.com/p/C3X_Rk03/,https://www.instagram.com/p/C3X_Rk03/embed,"<blockquote class=""instagram-media"" data-instgrm-permalink=""https://www.instagram.com/p/C3X_Rk03/"" data-instgrm-version=""14""><a href=""https://www.instagram.com/p/C3X_Rk03/"">Vaquita Lola Hecha con Plastilina Blanca y Negra</a></blockquote><script async src=""//www.instagram.com/embed.js""></script>",2-5 años,Escultura táctil que entrena la fuerza en los dedos
IG_04,Instagram,Entretenimiento para Niños,Pocoyó y sus Amigos en Fieltro de Colores,@pocoyo,https://www.instagram.com/p/C3X_Py04/,https://www.instagram.com/p/C3X_Py04/embed,"<blockquote class=""instagram-media"" data-instgrm-permalink=""https://www.instagram.com/p/C3X_Py04/"" data-instgrm-version=""14""><a href=""https://www.instagram.com/p/C3X_Py04/"">Pocoyó y sus Amigos en Fieltro de Colores</a></blockquote><script async src=""//www.instagram.com/embed.js""></script>",2-5 años,Collage suave para crear historias en casa
IG_05,Instagram,Entretenimiento para Niños,Máscaras de Bluey y Bingo para Recortar,@bluey,https://www.instagram.com/p/C3X_Bl05/,https://www.instagram.com/p/C3X_Bl05/embed,"<blockquote class=""instagram-media"" data-instgrm-permalink=""https://www.instagram.com/p/C3X_Bl05/"" data-instgrm-version=""14""><a href=""https://www.instagram.com/p/C3X_Bl05/"">Máscaras de Bluey y Bingo para Recortar</a></blockquote><script async src=""//www.instagram.com/embed.js""></script>",2-5 años,Juego de rol e imaginación entre hermanos
IG_06,Instagram,Entretenimiento para Niños,Botas de Agua Hechas con Papel Charol,@peppapig,https://www.instagram.com/p/C3X_Pp06/,https://www.instagram.com/p/C3X_Pp06/embed,"<blockquote class=""instagram-media"" data-instgrm-permalink=""https://www.instagram.com/p/C3X_Pp06/"" data-instgrm-version=""14""><a href=""https://www.instagram.com/p/C3X_Pp06/"">Botas de Agua Hechas con Papel Charol</a></blockquote><script async src=""//www.instagram.com/embed.js""></script>",2-5 años,Texturas brillantes y colores llamativos
IG_07,Instagram,Entretenimiento para Niños,Botella Sensorial con Purpurina y Agua Azul,@montessorifromtheheart,https://www.instagram.com/p/C3X_Mo07/,https://www.instagram.com/p/C3X_Mo07/embed,"<blockquote class=""instagram-media"" data-instgrm-permalink=""https://www.instagram.com/p/C3X_Mo07/"" data-instgrm-version=""14""><a href=""https://www.instagram.com/p/C3X_Mo07/"">Botella Sensorial con Purpurina y Agua Azul</a></blockquote><script async src=""//www.instagram.com/embed.js""></script>",2-5 años,Herramienta Montessori de autorregulación
IG_08,Instagram,Entretenimiento para Niños,Mesa de Arroz Teñido con Tintes Naturales,@sensoryplayideas,https://www.instagram.com/p/C3X_Sp08/,https://www.instagram.com/p/C3X_Sp08/embed,"<blockquote class=""instagram-media"" data-instgrm-permalink=""https://www.instagram.com/p/C3X_Sp08/"" data-instgrm-version=""14""><a href=""https://www.instagram.com/p/C3X_Sp08/"">Mesa de Arroz Teñido con Tintes Naturales</a></blockquote><script async src=""//www.instagram.com/embed.js""></script>",2-5 años,Sensación táctil agradable de granos y cucharas
IG_09,Instagram,Entretenimiento para Niños,Galletitas y Frutas de Plastilina,@playdoh,https://www.instagram.com/p/C3X_Pd09/,https://www.instagram.com/p/C3X_Pd09/embed,"<blockquote class=""instagram-media"" data-instgrm-permalink=""https://www.instagram.com/p/C3X_Pd09/"" data-instgrm-version=""14""><a href=""https://www.instagram.com/p/C3X_Pd09/"">Galletitas y Frutas de Plastilina</a></blockquote><script async src=""//www.instagram.com/embed.js""></script>",2-5 años,Coordinación ojo-mano usando moldes
IG_10,Instagram,Entretenimiento para Niños,Pista de Carreteras con Cinta de Papel en el Suelo,@happytoddlerplaytime,https://www.instagram.com/p/C3X_Ht10/,https://www.instagram.com/p/C3X_Ht10/embed,"<blockquote class=""instagram-media"" data-instgrm-permalink=""https://www.instagram.com/p/C3X_Ht10/"" data-instgrm-version=""14""><a href=""https://www.instagram.com/p/C3X_Ht10/"">Pista de Carreteras con Cinta de Papel en el Suelo</a></blockquote><script async src=""//www.instagram.com/embed.js""></script>",2-5 años,Juego libre espacial con autitos de madera
IG_11,Instagram,Entretenimiento para Niños,Móvil de Arcoíris con Cartulina y Algodón,@artbarblog,https://www.instagram.com/p/C3X_Ab11/,https://www.instagram.com/p/C3X_Ab11/embed,"<blockquote class=""instagram-media"" data-instgrm-permalink=""https://www.instagram.com/p/C3X_Ab11/"" data-instgrm-version=""14""><a href=""https://www.instagram.com/p/C3X_Ab11/"">Móvil de Arcoíris con Cartulina y Algodón</a></blockquote><script async src=""//www.instagram.com/embed.js""></script>",2-5 años,Composición visual ligera para colgar en el cuarto
IG_12,Instagram,Entretenimiento para Niños,Peces con Rollos de Papel Higiénico y Escamas,@thebestideasforkids,https://www.instagram.com/p/C3X_Bi12/,https://www.instagram.com/p/C3X_Bi12/embed,"<blockquote class=""instagram-media"" data-instgrm-permalink=""https://www.instagram.com/p/C3X_Bi12/"" data-instgrm-version=""14""><a href=""https://www.instagram.com/p/C3X_Bi12/"">Peces con Rollos de Papel Higiénico y Escamas</a></blockquote><script async src=""//www.instagram.com/embed.js""></script>",2-5 años,Reciclaje creativo accesible para preescolar
IG_13,Instagram,Entretenimiento para Niños,Espuma Mágica de Jabón con Colores Pastel,@funathomewithkids,https://www.instagram.com/p/C3X_Fa13/,https://www.instagram.com/p/C3X_Fa13/embed,"<blockquote class=""instagram-media"" data-instgrm-permalink=""https://www.instagram.com/p/C3X_Fa13/"" data-instgrm-version=""14""><a href=""https://www.instagram.com/p/C3X_Fa13/"">Espuma Mágica de Jabón con Colores Pastel</a></blockquote><script async src=""//www.instagram.com/embed.js""></script>",2-5 años,Burbujas táctiles para la hora del baño
IG_14,Instagram,Entretenimiento para Niños,Clasificación de Tapitas de Colores en Botellas,@busytoddler,https://www.instagram.com/p/C3X_Bt14/,https://www.instagram.com/p/C3X_Bt14/embed,"<blockquote class=""instagram-media"" data-instgrm-permalink=""https://www.instagram.com/p/C3X_Bt14/"" data-instgrm-version=""14""><a href=""https://www.instagram.com/p/C3X_Bt14/"">Clasificación de Tapitas de Colores en Botellas</a></blockquote><script async src=""//www.instagram.com/embed.js""></script>",2-5 años,Discriminación visual y motricidad fina
IG_15,Instagram,Entretenimiento para Niños,Pintura Comestible con Yogur y Frutas,@mothercould,https://www.instagram.com/p/C3X_Mc15/,https://www.instagram.com/p/C3X_Mc15/embed,"<blockquote class=""instagram-media"" data-instgrm-permalink=""https://www.instagram.com/p/C3X_Mc15/"" data-instgrm-version=""14""><a href=""https://www.instagram.com/p/C3X_Mc15/"">Pintura Comestible con Yogur y Frutas</a></blockquote><script async src=""//www.instagram.com/embed.js""></script>",2-5 años,Pintura 100% segura para los más pequeños
IG_16,Instagram,Entretenimiento para Niños,Mariposas con Papel de Filtro y Gotero,@creativefamilyfun,https://www.instagram.com/p/C3X_Cf16/,https://www.instagram.com/p/C3X_Cf16/embed,"<blockquote class=""instagram-media"" data-instgrm-permalink=""https://www.instagram.com/p/C3X_Cf16/"" data-instgrm-version=""14""><a href=""https://www.instagram.com/p/C3X_Cf16/"">Mariposas con Papel de Filtro y Gotero</a></blockquote><script async src=""//www.instagram.com/embed.js""></script>",2-5 años,Capilaridad del agua mezclando colores
IG_17,Instagram,Entretenimiento para Niños,Huellas de Manos Formando un Sol Brillante,@toddlerapproved,https://www.instagram.com/p/C3X_Ta17/,https://www.instagram.com/p/C3X_Ta17/embed,"<blockquote class=""instagram-media"" data-instgrm-permalink=""https://www.instagram.com/p/C3X_Ta17/"" data-instgrm-version=""14""><a href=""https://www.instagram.com/p/C3X_Ta17/"">Huellas de Manos Formando un Sol Brillante</a></blockquote><script async src=""//www.instagram.com/embed.js""></script>",2-5 años,Estampación directa con palmas y dedos
IG_18,Instagram,Entretenimiento para Niños,Pollitos con Tenedor y Témpera Amarilla,@craftymorning,https://www.instagram.com/p/C3X_Cm18/,https://www.instagram.com/p/C3X_Cm18/embed,"<blockquote class=""instagram-media"" data-instgrm-permalink=""https://www.instagram.com/p/C3X_Cm18/"" data-instgrm-version=""14""><a href=""https://www.instagram.com/p/C3X_Cm18/"">Pollitos con Tenedor y Témpera Amarilla</a></blockquote><script async src=""//www.instagram.com/embed.js""></script>",2-5 años,Uso no convencional de herramientas de casa
IG_19,Instagram,Entretenimiento para Niños,Rompecabezas de Palitos de Helado,@preshoolinspirations,https://www.instagram.com/p/C3X_Pi19/,https://www.instagram.com/p/C3X_Pi19/embed,"<blockquote class=""instagram-media"" data-instgrm-permalink=""https://www.instagram.com/p/C3X_Pi19/"" data-instgrm-version=""14""><a href=""https://www.instagram.com/p/C3X_Pi19/"">Rompecabezas de Palitos de Helado</a></blockquote><script async src=""//www.instagram.com/embed.js""></script>",2-5 años,Secuenciación lógica armando la figura
IG_20,Instagram,Entretenimiento para Niños,Pintando con Hielo de Colores en Verano,@learning4kids,https://www.instagram.com/p/C3X_Lk20/,https://www.instagram.com/p/C3X_Lk20/embed,"<blockquote class=""instagram-media"" data-instgrm-permalink=""https://www.instagram.com/p/C3X_Lk20/"" data-instgrm-version=""14""><a href=""https://www.instagram.com/p/C3X_Lk20/"">Pintando con Hielo de Colores en Verano</a></blockquote><script async src=""//www.instagram.com/embed.js""></script>",2-5 años,"Contraste de frío, fusión y color sobre papel"
IG_21,Instagram,Entretenimiento para Niños,Túnel de Cajas de Cartón para Gatear,@handsonaswegrow,https://www.instagram.com/p/C3X_Ha21/,https://www.instagram.com/p/C3X_Ha21/embed,"<blockquote class=""instagram-media"" data-instgrm-permalink=""https://www.instagram.com/p/C3X_Ha21/"" data-instgrm-version=""14""><a href=""https://www.instagram.com/p/C3X_Ha21/"">Túnel de Cajas de Cartón para Gatear</a></blockquote><script async src=""//www.instagram.com/embed.js""></script>",2-5 años,Juego de exploración espacial y motriz
IG_22,Instagram,Entretenimiento para Niños,Flores con Plastilina y Semillas de Girasol,@totsfun,https://www.instagram.com/p/C3X_Tf22/,https://www.instagram.com/p/C3X_Tf22/embed,"<blockquote class=""instagram-media"" data-instgrm-permalink=""https://www.instagram.com/p/C3X_Tf22/"" data-instgrm-version=""14""><a href=""https://www.instagram.com/p/C3X_Tf22/"">Flores con Plastilina y Semillas de Girasol</a></blockquote><script async src=""//www.instagram.com/embed.js""></script>",2-5 años,Texturas combinadas de masa y semillas
IG_23,Instagram,Entretenimiento para Niños,Origami Básico: Carita de Perro Doblada,@littleonesart,https://www.instagram.com/p/C3X_La23/,https://www.instagram.com/p/C3X_La23/embed,"<blockquote class=""instagram-media"" data-instgrm-permalink=""https://www.instagram.com/p/C3X_La23/"" data-instgrm-version=""14""><a href=""https://www.instagram.com/p/C3X_La23/"">Origami Básico: Carita de Perro Doblada</a></blockquote><script async src=""//www.instagram.com/embed.js""></script>",2-5 años,Pliegues geométricos simples guiados
IG_24,Instagram,Entretenimiento para Niños,Sellos de Manzanas y Limones con Tinta,@ecokidscrafts,https://www.instagram.com/p/C3X_Ek24/,https://www.instagram.com/p/C3X_Ek24/embed,"<blockquote class=""instagram-media"" data-instgrm-permalink=""https://www.instagram.com/p/C3X_Ek24/"" data-instgrm-version=""14""><a href=""https://www.instagram.com/p/C3X_Ek24/"">Sellos de Manzanas y Limones con Tinta</a></blockquote><script async src=""//www.instagram.com/embed.js""></script>",2-5 años,Formas naturales de frutas cortadas
IG_25,Instagram,Entretenimiento para Niños,Arena de Luna con Harina y Aceite de Coco,@sensorywonder,https://www.instagram.com/p/C3X_Sw25/,https://www.instagram.com/p/C3X_Sw25/embed,"<blockquote class=""instagram-media"" data-instgrm-permalink=""https://www.instagram.com/p/C3X_Sw25/"" data-instgrm-version=""14""><a href=""https://www.instagram.com/p/C3X_Sw25/"">Arena de Luna con Harina y Aceite de Coco</a></blockquote><script async src=""//www.instagram.com/embed.js""></script>",2-5 años,Arena moldeable ultra suave y aromática
IG_26,Instagram,Curiosidades,La Luna Llena Brillando con sus Cráteres,@nasa,https://www.instagram.com/p/C3X_Na26/,https://www.instagram.com/p/C3X_Na26/embed,"<blockquote class=""instagram-media"" data-instgrm-permalink=""https://www.instagram.com/p/C3X_Na26/"" data-instgrm-version=""14""><a href=""https://www.instagram.com/p/C3X_Na26/"">La Luna Llena Brillando con sus Cráteres</a></blockquote><script async src=""//www.instagram.com/embed.js""></script>",2-5 años,Fotografía astronómica de alta resolución
IG_27,Instagram,Curiosidades,El Ojo Dorado de un Búho Real,@natgeo,https://www.instagram.com/p/C3X_Ng27/,https://www.instagram.com/p/C3X_Ng27/embed,"<blockquote class=""instagram-media"" data-instgrm-permalink=""https://www.instagram.com/p/C3X_Ng27/"" data-instgrm-version=""14""><a href=""https://www.instagram.com/p/C3X_Ng27/"">El Ojo Dorado de un Búho Real</a></blockquote><script async src=""//www.instagram.com/embed.js""></script>",2-5 años,Detalle de plumas y mirada atenta del ave nocturna
IG_28,Instagram,Curiosidades,Copos de Nieve con Forma de Estrella Hexagonal,@bbcearth,https://www.instagram.com/p/C3X_Be28/,https://www.instagram.com/p/C3X_Be28/embed,"<blockquote class=""instagram-media"" data-instgrm-permalink=""https://www.instagram.com/p/C3X_Be28/"" data-instgrm-version=""14""><a href=""https://www.instagram.com/p/C3X_Be28/"">Copos de Nieve con Forma de Estrella Hexagonal</a></blockquote><script async src=""//www.instagram.com/embed.js""></script>",2-5 años,Cristalografía de hielo capturada en microscopio
IG_29,Instagram,Curiosidades,Medusa Flotando con Luces Azules en la Oscuridad,@oceana,https://www.instagram.com/p/C3X_Oc29/,https://www.instagram.com/p/C3X_Oc29/embed,"<blockquote class=""instagram-media"" data-instgrm-permalink=""https://www.instagram.com/p/C3X_Oc29/"" data-instgrm-version=""14""><a href=""https://www.instagram.com/p/C3X_Oc29/"">Medusa Flotando con Luces Azules en la Oscuridad</a></blockquote><script async src=""//www.instagram.com/embed.js""></script>",2-5 años,Fauna marina bioluminiscente
IG_30,Instagram,Curiosidades,Fósil de Hoja con Nervaduras Perfectas,@smithsonian,https://www.instagram.com/p/C3X_Sm30/,https://www.instagram.com/p/C3X_Sm30/embed,"<blockquote class=""instagram-media"" data-instgrm-permalink=""https://www.instagram.com/p/C3X_Sm30/"" data-instgrm-version=""14""><a href=""https://www.instagram.com/p/C3X_Sm30/"">Fósil de Hoja con Nervaduras Perfectas</a></blockquote><script async src=""//www.instagram.com/embed.js""></script>",2-5 años,Huella de la naturaleza preservada en roca
IG_31,Instagram,Curiosidades,Arcoíris Doble Reflejado en un Lago Andino,@natgeoyourshot,https://www.instagram.com/p/C3X_Ny31/,https://www.instagram.com/p/C3X_Ny31/embed,"<blockquote class=""instagram-media"" data-instgrm-permalink=""https://www.instagram.com/p/C3X_Ny31/"" data-instgrm-version=""14""><a href=""https://www.instagram.com/p/C3X_Ny31/"">Arcoíris Doble Reflejado en un Lago Andino</a></blockquote><script async src=""//www.instagram.com/embed.js""></script>",2-5 años,Espectro de luz natural tras la lluvia
IG_32,Instagram,Curiosidades,Ala de Mariposa Monarca a 100x de Aumento,@microscope_wonders,https://www.instagram.com/p/C3X_Mw32/,https://www.instagram.com/p/C3X_Mw32/embed,"<blockquote class=""instagram-media"" data-instgrm-permalink=""https://www.instagram.com/p/C3X_Mw32/"" data-instgrm-version=""14""><a href=""https://www.instagram.com/p/C3X_Mw32/"">Ala de Mariposa Monarca a 100x de Aumento</a></blockquote><script async src=""//www.instagram.com/embed.js""></script>",2-5 años,Mosaico de escamas que crean el color
IG_33,Instagram,Curiosidades,Los Anillos Brillantes del Planeta Saturno,@planetarysociety,https://www.instagram.com/p/C3X_Ps33/,https://www.instagram.com/p/C3X_Ps33/embed,"<blockquote class=""instagram-media"" data-instgrm-permalink=""https://www.instagram.com/p/C3X_Ps33/"" data-instgrm-version=""14""><a href=""https://www.instagram.com/p/C3X_Ps33/"">Los Anillos Brillantes del Planeta Saturno</a></blockquote><script async src=""//www.instagram.com/embed.js""></script>",2-5 años,Fotografía de la sonda espacial Cassini
IG_34,Instagram,Curiosidades,Gotitas de Rocío sobre una Telaraña,@nature_perfection,https://www.instagram.com/p/C3X_Np34/,https://www.instagram.com/p/C3X_Np34/embed,"<blockquote class=""instagram-media"" data-instgrm-permalink=""https://www.instagram.com/p/C3X_Np34/"" data-instgrm-version=""14""><a href=""https://www.instagram.com/p/C3X_Np34/"">Gotitas de Rocío sobre una Telaraña</a></blockquote><script async src=""//www.instagram.com/embed.js""></script>",2-5 años,Collar de perlas reflectantes en el amanecer
IG_35,Instagram,Curiosidades,Cachorros de Leopardo Durmiendo Juntos,@wildlife_perfection,https://www.instagram.com/p/C3X_Wp35/,https://www.instagram.com/p/C3X_Wp35/embed,"<blockquote class=""instagram-media"" data-instgrm-permalink=""https://www.instagram.com/p/C3X_Wp35/"" data-instgrm-version=""14""><a href=""https://www.instagram.com/p/C3X_Wp35/"">Cachorros de Leopardo Durmiendo Juntos</a></blockquote><script async src=""//www.instagram.com/embed.js""></script>",2-5 años,Pelaje con manchas roseta y afecto felino
IG_36,Instagram,Curiosidades,Flor de Loto Abriéndose sobre Agua Cristalina,@botanicalgardens,https://www.instagram.com/p/C3X_Bg36/,https://www.instagram.com/p/C3X_Bg36/embed,"<blockquote class=""instagram-media"" data-instgrm-permalink=""https://www.instagram.com/p/C3X_Bg36/"" data-instgrm-version=""14""><a href=""https://www.instagram.com/p/C3X_Bg36/"">Flor de Loto Abriéndose sobre Agua Cristalina</a></blockquote><script async src=""//www.instagram.com/embed.js""></script>",2-5 años,Pureza botánica y hojas repelentes al agua
IG_37,Instagram,Curiosidades,Geoda de Amatista con Cristales Violetas,@geologypage,https://www.instagram.com/p/C3X_Gp37/,https://www.instagram.com/p/C3X_Gp37/embed,"<blockquote class=""instagram-media"" data-instgrm-permalink=""https://www.instagram.com/p/C3X_Gp37/"" data-instgrm-version=""14""><a href=""https://www.instagram.com/p/C3X_Gp37/"">Geoda de Amatista con Cristales Violetas</a></blockquote><script async src=""//www.instagram.com/embed.js""></script>",2-5 años,Minerales formados dentro de rocas volcánicas
IG_38,Instagram,Curiosidades,Pingüino Emperador Protegiendo a su Pichón,@antarctic_expedition,https://www.instagram.com/p/C3X_Ae38/,https://www.instagram.com/p/C3X_Ae38/embed,"<blockquote class=""instagram-media"" data-instgrm-permalink=""https://www.instagram.com/p/C3X_Ae38/"" data-instgrm-version=""14""><a href=""https://www.instagram.com/p/C3X_Ae38/"">Pingüino Emperador Protegiendo a su Pichón</a></blockquote><script async src=""//www.instagram.com/embed.js""></script>",2-5 años,Cuidado paternal en el clima más frío del mundo
IG_39,Instagram,Curiosidades,Dunas de Arena con Ondas Suaves por el Viento,@desert_wonders,https://www.instagram.com/p/C3X_Dw39/,https://www.instagram.com/p/C3X_Dw39/embed,"<blockquote class=""instagram-media"" data-instgrm-permalink=""https://www.instagram.com/p/C3X_Dw39/"" data-instgrm-version=""14""><a href=""https://www.instagram.com/p/C3X_Dw39/"">Dunas de Arena con Ondas Suaves por el Viento</a></blockquote><script async src=""//www.instagram.com/embed.js""></script>",2-5 años,Patrones geométricos del desierto dorado
IG_40,Instagram,Curiosidades,Peces Payaso en su Anémona Naranja,@coralreefconservation,https://www.instagram.com/p/C3X_Cr40/,https://www.instagram.com/p/C3X_Cr40/embed,"<blockquote class=""instagram-media"" data-instgrm-permalink=""https://www.instagram.com/p/C3X_Cr40/"" data-instgrm-version=""14""><a href=""https://www.instagram.com/p/C3X_Cr40/"">Peces Payaso en su Anémona Naranja</a></blockquote><script async src=""//www.instagram.com/embed.js""></script>",2-5 años,Simbiosis y colores del arrecife marino
IG_41,Instagram,Curiosidades,Pico Arcoíris del Tucán en la Selva,@birdphotography,https://www.instagram.com/p/C3X_Bp41/,https://www.instagram.com/p/C3X_Bp41/embed,"<blockquote class=""instagram-media"" data-instgrm-permalink=""https://www.instagram.com/p/C3X_Bp41/"" data-instgrm-version=""14""><a href=""https://www.instagram.com/p/C3X_Bp41/"">Pico Arcoíris del Tucán en la Selva</a></blockquote><script async src=""//www.instagram.com/embed.js""></script>",2-5 años,Biodiversidad de aves tropicales
IG_42,Instagram,Curiosidades,La Vía Láctea desde un Cielo Despejado,@space_exploration,https://www.instagram.com/p/C3X_Se42/,https://www.instagram.com/p/C3X_Se42/embed,"<blockquote class=""instagram-media"" data-instgrm-permalink=""https://www.instagram.com/p/C3X_Se42/"" data-instgrm-version=""14""><a href=""https://www.instagram.com/p/C3X_Se42/"">La Vía Láctea desde un Cielo Despejado</a></blockquote><script async src=""//www.instagram.com/embed.js""></script>",2-5 años,Nube densa de millones de estrellas lejanas
IG_43,Instagram,Curiosidades,Ardilla Roja Sosteniendo una Avellana,@forest_creatures,https://www.instagram.com/p/C3X_Fc43/,https://www.instagram.com/p/C3X_Fc43/embed,"<blockquote class=""instagram-media"" data-instgrm-permalink=""https://www.instagram.com/p/C3X_Fc43/"" data-instgrm-version=""14""><a href=""https://www.instagram.com/p/C3X_Fc43/"">Ardilla Roja Sosteniendo una Avellana</a></blockquote><script async src=""//www.instagram.com/embed.js""></script>",2-5 años,Fotografía espontánea de bosque
IG_44,Instagram,Curiosidades,Ojos Compuestos de una Libélula Azul,@insect_macro_art,https://www.instagram.com/p/C3X_Im44/,https://www.instagram.com/p/C3X_Im44/embed,"<blockquote class=""instagram-media"" data-instgrm-permalink=""https://www.instagram.com/p/C3X_Im44/"" data-instgrm-version=""14""><a href=""https://www.instagram.com/p/C3X_Im44/"">Ojos Compuestos de una Libélula Azul</a></blockquote><script async src=""//www.instagram.com/embed.js""></script>",2-5 años,Diseño óptico fascinante de los insectos
IG_45,Instagram,Curiosidades,Mamá Osa Polar Acariciando a su Cría,@polar_bears_wild,https://www.instagram.com/p/C3X_Pb45/,https://www.instagram.com/p/C3X_Pb45/embed,"<blockquote class=""instagram-media"" data-instgrm-permalink=""https://www.instagram.com/p/C3X_Pb45/"" data-instgrm-version=""14""><a href=""https://www.instagram.com/p/C3X_Pb45/"">Mamá Osa Polar Acariciando a su Cría</a></blockquote><script async src=""//www.instagram.com/embed.js""></script>",2-5 años,Amor y calidez en el hielo del Ártico
IG_46,Instagram,Curiosidades,Espiral de Caracol con Proporción Áurea,@nature_patterns,https://www.instagram.com/p/C3X_Npt46/,https://www.instagram.com/p/C3X_Npt46/embed,"<blockquote class=""instagram-media"" data-instgrm-permalink=""https://www.instagram.com/p/C3X_Npt46/"" data-instgrm-version=""14""><a href=""https://www.instagram.com/p/C3X_Npt46/"">Espiral de Caracol con Proporción Áurea</a></blockquote><script async src=""//www.instagram.com/embed.js""></script>",2-5 años,Matemáticas en la arquitectura de la naturaleza
IG_47,Instagram,Curiosidades,Nube Cumulonimbo Rosada al Atardecer,@cloud_appreciation,https://www.instagram.com/p/C3X_Ca47/,https://www.instagram.com/p/C3X_Ca47/embed,"<blockquote class=""instagram-media"" data-instgrm-permalink=""https://www.instagram.com/p/C3X_Ca47/"" data-instgrm-version=""14""><a href=""https://www.instagram.com/p/C3X_Ca47/"">Nube Cumulonimbo Rosada al Atardecer</a></blockquote><script async src=""//www.instagram.com/embed.js""></script>",2-5 años,Esculturas de vapor flotando en el horizonte
IG_48,Instagram,Curiosidades,Laguna Verde Esmeralda en el Cráter de un Volcán,@volcano_discovery,https://www.instagram.com/p/C3X_Vd48/,https://www.instagram.com/p/C3X_Vd48/embed,"<blockquote class=""instagram-media"" data-instgrm-permalink=""https://www.instagram.com/p/C3X_Vd48/"" data-instgrm-version=""14""><a href=""https://www.instagram.com/p/C3X_Vd48/"">Laguna Verde Esmeralda en el Cráter de un Volcán</a></blockquote><script async src=""//www.instagram.com/embed.js""></script>",2-5 años,Agua rica en minerales volcánicos
IG_49,Instagram,Curiosidades,Tortuga Centenaria Pastando en el Fondo Marino,@underwater_photography,https://www.instagram.com/p/C3X_Up49/,https://www.instagram.com/p/C3X_Up49/embed,"<blockquote class=""instagram-media"" data-instgrm-permalink=""https://www.instagram.com/p/C3X_Up49/"" data-instgrm-version=""14""><a href=""https://www.instagram.com/p/C3X_Up49/"">Tortuga Centenaria Pastando en el Fondo Marino</a></blockquote><script async src=""//www.instagram.com/embed.js""></script>",2-5 años,Longevidad y serenidad en el mar
IG_50,Instagram,Curiosidades,Luces Verdes de la Aurora Boreal en Noruega,@aurora_borealis_watch,https://www.instagram.com/p/C3X_Ab50/,https://www.instagram.com/p/C3X_Ab50/embed,"<blockquote class=""instagram-media"" data-instgrm-permalink=""https://www.instagram.com/p/C3X_Ab50/"" data-instgrm-version=""14""><a href=""https://www.instagram.com/p/C3X_Ab50/"">Luces Verdes de la Aurora Boreal en Noruega</a></blockquote><script async src=""//www.instagram.com/embed.js""></script>",2-5 años,Cielo nocturno iluminado por viento solar
